站名,经度,维度
清华园站,116.3458251,39.9885747
昌平北站,116.2395661,40.23754638
昌平站,116.2000659,40.19638953
南口站,116.1360792,40.2455928
官高,116.3157621,40.24393881
北京东站,116.4911765,39.90880868
黄村站,116.3386746,39.72765366
北京站,116.4337332,39.90979135
云居寺,115.8068279,39.62786826
孤山口,115.8672234,39.64368207
平峪,115.5587345,39.67254179
南观村,116.0092991,39.77969934
上万,116.0489501,39.82975892
十渡站,115.5958374,39.65329038
燕山站,115.9650243,39.7563515
三合庄,115.7192305,39.64208956
良各庄,115.9438663,39.72551625
北京南站,116.3854936,39.87101558
大灰厂,116.140444,39.86599941
北京西站,116.3275639,39.90092693
清河站,116.3214858,40.0478317
怀柔站,116.6554166,40.32293755
怀柔北站,116.6992889,40.41460543
庙城,116.6379738,40.30701201
北宅,116.5771148,40.34931357
斜河涧,116.070987,39.98425766
三家店站,116.1268964,39.95650723
安家庄,115.9603613,40.00403029
落坡岭,115.9929832,39.99394838
雁翅,115.9040336,40.04142084
珠窝,115.8091217,40.06375561
沿河城,115.7331072,40.1088439
密云站,116.8601055,40.40117516
统军庄,116.7605699,40.34883196
张辛,116.6928192,40.01800637
高各庄,116.6313682,40.26479344
顺义站,116.6520091,40.13171317
通州西站,116.6337145,39.91028043
北京北站,116.3606506,39.9484103
八达岭站,116.0026565,40.36522637
延庆站,115.9973437,40.48031576
康庄站,115.904914,40.38630099
霸州站,116.3826616,39.1289686
保定东站,115.6081024,38.87025697
板城,115.2629976,39.61976235
北屯,87.76817265,47.32935
保定站,115.4864201,38.86945201
徐水站,115.6446573,39.03756541
泊头站,116.5930448,38.06755886
沧州西站,116.774544,38.31267506
东光站,116.5436974,37.90474587
青县站,116.844858,38.58334802
肃宁站,115.856398,38.42139972
沧州站,116.8841924,38.31492196
高寺台,117.9699031,41.16628282
永和,118.3575378,40.78464952
甲山,118.2714751,40.7950066
南湾子,117.8261589,40.73656044
大杖子,118.5565389,40.85741039
新杖子站,118.3450624,40.88491434
上板城南站,118.0538318,40.83160985
隆化站,117.7574611,41.33500522
韩麻营,117.8480588,41.2844328
超梁沟,117.7028258,41.23981687
闹海营,117.7234485,41.30065092
五道河,117.0725561,40.89973461
二道沟门,117.1579891,40.89231806
流水沟,117.1521468,40.71242271
窑上,117.4151606,40.9900661
白旗,117.6786566,41.1650172
梁底下,117.6321597,41.11436068
猴山,117.0360195,40.82145721
虎什哈,116.9972676,40.86676081
金沟屯,117.5234901,41.06539537
滦河沿,117.550476,41.08556954
南大庙,117.0773468,40.77689482
平坊,117.2496782,40.89877036
张百湾,117.488803,41.00532843
滦平站,117.3232274,40.92920849
平泉站,118.706445,41.00564653
小寺沟站,118.6523335,40.90566165
承德站,117.9608421,40.97163181
上板城站,118.0644221,40.8446675
西大庙,117.9741914,40.81134465
双峰寺,117.9777642,41.05467947
黄土坎,120.8046757,41.0778396
承德东,117.9966242,40.89549917
洞庙河,117.7011939,40.57779804
潘家店,117.8235571,40.68049259
下台子站,117.7476574,40.60933937
六道河子,117.3225144,40.40169387
兴隆县站,117.5206594,40.4431946
鹰手营子站,117.6757401,40.56185243
榆树沟,118.4113284,40.79181637
上谷,118.4872937,40.80217623
下板城站,118.1831751,40.78050256
磁县站,114.3793746,36.36651873
定州站,114.98013,38.53558318
定州东站,115.0823812,38.51454456
高碑店东站,115.9513986,39.29538107
高碑店站,115.8653049,39.33503105
和村,114.1296983,36.56294965
临水,114.243126,36.43983428
新坡,114.3015984,36.47712769
邯郸东站,114.5657319,36.62607277
邯郸站,114.4832224,36.60943951
涉县站,113.6747207,36.58337541
前磨头站,115.4992017,37.80191929
深州站,115.6196284,38.01755506
龙华站,116.0291385,37.61809297
饶阳站,115.7240405,38.24364746
衡水站,115.6973163,37.75031988
大营镇站,115.7417316,37.32471324
枣强站,115.7449802,37.51095071
上安,114.2063715,38.0671225
南张村,114.0715172,38.0025105
百里峡站,115.4005582,39.68936988
野三坡站,115.4604665,39.67695516
白涧站,115.2962698,39.65195759
福山口,115.3479259,39.68067363
艾河,114.5543403,39.39972273
小西庄,114.6358053,39.40793041
浮图峪,114.8395483,39.37242307
涞源站,114.7181749,39.37738406
塔崖驿,115.0143276,39.43534806
王安镇,114.9535819,39.41410529
三河县站,117.1054481,39.98462191
燕郊站,116.8323763,39.9474512
廊坊站,116.7152693,39.51527215
大厂县,116.9232537,39.95751747
廊坊北站,116.7122906,39.51893719
马柳,118.5279464,39.86478481
滦河站,118.6780791,39.86264932
北戴河站,119.4266249,39.85683834
昌黎站,119.174425,39.71009866
抚宁站,119.2557715,39.89929206
卢龙站,118.9901644,39.95788572
任丘站,116.1507519,38.70058744
段甲岭,117.1753833,39.99179022
三平,117.0035616,39.96737911
沙河市站,114.5041606,36.86715663
井店站,113.7290152,36.61117517
豆庄,113.8534541,36.73605889
偏店,113.760495,36.65260106
悬钟,113.584629,36.66619261
良村,114.6805785,38.04656091
藁城站,114.8391034,38.03379057
晋州站,115.0388088,38.02685824
高邑站,114.6041323,37.61084959
高邑西站,114.5380533,37.63584376
南峪站,113.9441185,37.99647503
井南站,114.0303663,38.00480792
井陉站,114.1438129,38.04113183
石家庄站,114.4909897,38.01654849
石家庄北站,114.4719005,38.072183
元氏站,114.5509289,37.76546518
正定机场站,114.718103,38.25838775
迁安站,118.6995828,39.93203449
富庄子,117.9369055,39.84851678
唐山北站,118.125867,39.82338891
唐山站,118.1265712,39.63202776
杨各庄,118.6040148,39.81074459
福山寺,118.4363369,39.88218218
滦县站,118.7126227,39.76348786
狼窝铺,118.2948582,39.84636996
石郎庄,118.3597185,39.86940024
螺山,117.562679,39.93035517
玉田县站,117.7415771,39.88883109
吴桥站,116.3932577,37.63331531
磁山站,114.1248416,36.60384471
康城,114.2971729,36.66250077
徘徊北,114.05219,36.61322934
什里店,113.9495606,36.69668896
武安站,114.2189251,36.68317107
午汲,114.161435,36.65821601
阳邑站,113.9098074,36.7437698
新固镇,113.9888272,36.64354866
辛集站,115.2220815,37.91093899
南宫东站,115.708256,37.18192185
邢台站,114.4994432,37.07587378
邢台东站,114.5985215,37.09746663
前苇塘,117.419065,40.40697179
南城司,115.2692656,39.55534885
奇峰塔,115.2386263,39.49657079
大盘石,115.0983705,39.43373087
紫荆关,115.1843586,39.46008255
张家口南站,114.889856,40.75795432
官厅站,115.5920328,40.26010372
官厅西,115.5858401,40.25897682
沙城站,115.522507,40.40333819
张家口站,114.8893434,40.81623702
下花园站,115.2866497,40.49251059
宣化站,115.0637507,40.60387237
沙岭子站,114.9314951,40.67866165
涿州东站,116.0595192,39.46600521
涿州站,115.9905135,39.48743725
德州站,116.294877,37.45554889
德州东站,116.4681833,37.41566482
大涧,114.3077421,39.48619143
南峧,113.5640018,36.57980076
水洋,120.1803915,30.25341831
云彩岭,114.3696044,39.45480251
招柏,114.4153857,39.4110377
微子镇,113.3062148,36.33728031
潞城站,113.2287127,36.32668555
阳泉站,113.5987783,37.86238837
岩会站,113.7479668,37.88586374
娘子关站,113.8802477,37.97353039
程家,113.8518224,37.92844635
阳泉北站,113.4449446,38.12129326
黎城站,113.3991048,36.5207447
大口屯,117.2710576,39.61068597
宝坻站,117.342212,39.72159789
汉沟镇,117.1080871,39.30362376
北仓,117.1586928,39.24855449
滨海北站,117.7680051,39.24282447
滨海站,117.6181534,39.08764455
军粮城,117.4552031,39.06282703
军粮城北站,117.4349705,39.07185395
天津站,117.2167068,39.14138387
天津西站,117.1699861,39.1642329
别山,117.4849032,39.96156848
蓟县站,117.4044877,40.03265652
上仓,117.4158713,39.91682604
下仓,117.4406648,39.80268377
蓟县南,117.3710339,39.9979158
静海站,116.936439,38.93842059
唐官屯,116.9371155,38.71726736
塘沽站,117.6475189,39.03317065
曹子里,117.1601366,39.42754586
崔黄口,117.2080203,39.52727494
武清站,117.0228119,39.37808862
杨柳青站,117.0089882,39.1477429
天津南站,117.0674482,39.06275337
旧庄窝东,115.6543829,40.1732886
旧庄窝,115.6458073,40.17850937
石板滩,104.2711249,30.73196773
娄山关,106.9065437,28.03925635
么铺,105.8472574,26.18274653
高峰,106.3520389,26.39286869
新平坝,106.2978693,26.41496214
平坝,106.3031875,26.39596538
化处,105.6261025,26.21514324
天龙,106.1782717,26.37464898
安顺,105.9491439,26.23572343
两所屯,106.0152719,26.27449058
墨冲,107.47324,26.05687497
都匀,107.5218161,26.23798673
打羊,107.5796815,25.65159634
星朗,107.5002478,25.4740671
独山,107.5541797,25.87014284
麻尾,107.4757701,25.35034292
学庄,107.5719651,25.6986049
朱石寨,107.4804701,25.39596329
黄丝,107.4147117,26.59539901
福泉,107.5426276,26.6313937
高峰,106.3520389,26.39286869
贵定南,115.0184613,24.78634792
贵定,107.2352864,26.58731838
湖潮,106.5295479,26.44904704
贵阳,106.7099004,26.56252613
息烽,106.7538751,27.08380827
宝老山,108.0692621,26.83851335
黄平,108.106789,26.87339656
凯里,107.9828169,26.60910231
加劳,108.016006,26.73743775
桐木寨,108.0039332,26.68831413
六个鸡,107.7909502,26.57747316
六枝,105.4710506,26.23157939
马嘎,104.7795945,26.62823615
水城,104.8987496,26.58100714
六盘水,104.8581505,26.59708963
那玉,105.4333617,26.25679556
关寨,105.2302906,26.28975266
高坪铺,107.1496613,26.51991744
麻江,107.4573016,26.47515426
普定,105.7188107,26.28920259
黄桶,105.6922166,26.20390564
龙里,106.9760408,26.45677323
老罗堡,106.9096367,26.46732422
施秉,108.1406645,26.92345884
茨冲,105.1158712,26.49797652
双水,104.9482464,26.55657783
滥坝,105.047483,26.55214555
二道岩,105.1674664,26.36958746
桐梓,106.8385747,28.1361924
凉风垭,106.8350066,28.24696595
大河坝,106.8512597,28.32543192
红花园,106.8572777,28.07088124
木竹河,106.8830066,28.64194059
新场,106.8486633,28.2979862
三元坝,106.84502,28.49598303
松坎,106.8800205,28.55975001
九龙塘,106.8522321,28.36506126
蒙渡,106.8502305,28.43882863
太白,106.8596873,28.39878195
元田坝,106.8464465,28.1968916
玉屏,108.9412467,27.24552304
草海,104.2678634,26.89201556
梅花山,104.6766031,26.70545515
迤那,103.8933061,27.08754694
花土坡,103.8482805,27.2666389
蕉溪,108.5585306,27.08507525
青溪,108.7413114,27.12627901
镇远,108.416404,27.0408072
老王洞,108.4873929,27.08560615
羊坪,108.8379253,27.18472214
水花,108.283815,27.00288454
织金,105.7684313,26.66014315
遵义,106.9547906,27.70850931
汇塘河,106.9296972,27.97426751
松坝,106.9642025,27.92092481
巴中,106.7723438,31.87921601
成都东,104.1477187,30.63513395
都江堰,103.6448454,30.9633232
成都,104.0797802,30.70361284
洪安乡,104.3429373,30.71633972
马街,103.8985945,22.66585377
红光镇,103.9501322,30.77800025
郫县西,103.886163,30.83013489
郫县东,103.9325651,30.79885526
郫县,103.9146359,30.81447117
犀浦,103.9788295,30.76328592
红花塘,104.484667,30.67279207
陈家湾,104.4312584,30.70921897
青城山,103.6128703,30.89783801
公兴,103.9749181,30.48582232
成都南,104.074915,30.61228969
犀浦东,103.9971276,30.74279383
新津,103.8799145,30.47071668
渡市,107.2914429,31.03161621
覃家坝,107.3595307,31.07727747
三汇镇,107.1810254,31.02061026
土溪,107.0828644,31.02643422
达州,107.4596849,31.20454223
永郎,102.2594026,27.15579619
德阳,104.3965218,31.17206797
罗江,104.5064996,31.31274525
迎宾路,103.6474655,30.98691951
离堆公园,103.6303675,30.99955796
燕岗,103.5306151,29.55871234
杨漩,103.406164,29.31004381
峨眉,103.5284957,29.59733933
双福,103.537742,29.69405097
苏雄,102.8793834,29.15161022
尼日,102.868397,29.20858407
凉红,102.8302177,29.09312411
阿寨,102.6841415,28.89623909
广安,106.9033846,30.49969168
岳池,106.4770794,30.54252111
广安南,106.5992591,30.45770612
广汉,104.2673754,30.98526356
广元南,105.8050956,32.42404279
广元,105.8280546,32.4563626
广元东,105.8448642,32.44806858
竹园坝,105.1765611,32.19525301
白水,106.0338719,32.26651443
旺苍,106.3703357,32.24476638
黄洋,106.3661446,32.24684438
嘉川,106.2087088,32.21863311
普济,106.4619705,32.24607144
尚武,106.1307346,32.23536418
元坝,105.9709905,32.33308559
汉源,102.9122695,29.23859556
长河坝,102.9490965,29.31528001
华蓥,106.7877861,30.36921358
高兴,106.7376549,30.28172919
马村,103.613639,29.81876071
吴场,103.6644388,29.88473968
简阳,104.5597069,30.38514538
石桥镇,104.5224898,30.42677914
庙子沟,104.6181289,30.30320826
灵仙庙,104.4902402,30.58471357
养马河,104.5113553,30.51590627
江油,104.7760852,31.78764484
五凤溪,104.4999074,30.63057728
开江,107.8079662,30.91987184
共和,103.3198492,29.30365855
峨边,103.1920724,29.26465296
乐山,103.5829561,29.75565701
柏村,103.1920724,29.26465296
金口河,103.1126147,29.29441484
关村坝,103.0337803,29.29433016
代湾,103.4673494,29.31814958
刘沟,103.5233882,29.27121546
轸溪,103.5693774,29.32361225
沙湾,103.5441427,29.4184182
冕宁,102.1991134,28.29028264
黄家坝,102.1774147,27.48106126
德昌,102.1927723,27.40292848
蒲坝,102.3129169,27.23179607
乐跃,102.3289331,27.30082754
麻栗,102.1989095,27.54366859
小高,102.2803059,27.36011548
埃岱,102.8120635,29.03816267
甘洛,102.7684492,28.98425882
南尔岗,102.7684492,28.98425882
新铁村,102.2474942,28.31839577
漫水湾,102.1698455,28.21341177
西昌北,102.2010188,27.97078082
黄联关,102.2079052,27.69186207
黄水塘,102.1945876,27.61383955
经久,102.2162443,27.77660685
礼州,102.1974454,28.06194179
西昌南,102.2206976,27.84428019
西昌,102.2308155,27.88350226
月华,102.1879307,28.1504174
联合乡,102.4738143,28.27861194
铁口,102.5396403,28.24779928
新凉,102.5335518,28.24647144
冕山,102.3168475,28.36080381
瓦祖,102.5613379,28.20994575
沙马拉达,102.572574,28.23328996
白果,102.6106272,28.8194952
鲜滩,103.7630882,30.00070173
眉山,103.8191035,30.07088349
太和,103.8354332,30.13071983
青龙场,103.8724682,30.30416313
绵阳,104.7239683,31.46498409
南充东,106.1672183,30.85057749
蓬安,106.430726,31.00671154
南充,106.092104,30.81366245
椑木镇,105.1039849,29.511454
隆昌,105.2874634,29.36091215
李市镇,105.4052781,29.32011564
双凤驿,105.1485719,29.44942735
迎祥街,105.2229536,29.39417887
内江南,104.9972573,29.54597723
内江,105.0440016,29.59372637
登瀛崖,104.734649,29.91660379
陶家沟,104.8203423,29.81709404
资中,104.8700728,29.77395229
丙谷,102.0960629,26.8399706
沙坝,102.1331146,26.96212761
米易,102.1198518,26.88150671
枣子林,101.9562109,26.75684516
攀枝花,101.8574567,26.54948505
牛坪子,101.8310635,26.64087375
桐子林,101.8617695,26.7163015
三堆子,101.8444396,26.58240716
彭州,103.9314266,30.98545812
安德,103.8182348,30.88054706
临巴溪,107.0746784,30.89164077
渠县,107.0190674,30.81009662
遂宁,105.5494293,30.5482204
大英东,105.2859888,30.57329715
蓬溪,105.7122131,30.68581764
喜德,102.4132833,28.32225979
乐武,102.6321203,28.3064428
红峰,102.6281824,28.28903607
尼波,102.6355933,28.34672314
一步滩,104.6949795,28.89443423
南岸坝,104.657161,28.75691143
宜宾,104.6075926,28.75725055
敬梓场,104.6704615,28.98508221
金沙湾,104.7224441,28.48298853
宜宾南,104.553178,28.71019538
孔滩,104.6875385,29.1528809
王场,104.6849276,29.07458519
横江,104.3607628,28.55762851
营山,106.5750944,31.0709763
尔赛河,102.6473857,28.40756034
拉白,102.6429727,28.57981309
越西,102.6100308,28.74267915
白石岩,102.6169813,28.76137422
普雄,102.6565424,28.52034904
上普雄,102.6651923,28.4678744
下普雄,102.6335224,28.63682324
铁西,102.605468,28.69608841
民福寺,106.4767499,29.16123709
七龙星,106.4428149,29.23717548
小南垭,106.4064828,29.73013938
夏坝,106.5189789,29.07875463
綦江,106.6703822,29.02335416
资阳,104.6588853,30.13034716
临江寺,104.626289,30.22876253
墨池坝,104.6702074,30.21223871
侯家坪,104.6520774,30.08285309
长沙埂,104.6682813,30.01101311
顺河场,104.6663003,29.95016304
大山铺,104.857168,29.42053556
自贡,104.7976992,29.36169284
俞冲,104.7067156,29.22290783
双石桥,105.8440629,29.40466056
沙沙坡,104.057326,28.01773445
豆沙关,104.1377262,28.03125465
盐津,104.2492918,28.08385193
盐津北,104.2492918,28.08385193
昭通北,104.2492918,28.08385193
小关溪,103.9776616,27.98667892
大关,103.9853627,27.83960723
曾家坪子,103.9876305,27.70551251
苍坪,103.990435,27.69233599
岔河,103.87721,27.84379382
水富,104.423482,28.61295905
小儿坪,104.2715079,28.50423272
铜鼓溪,104.261567,28.42284597
临江溪,104.2358076,28.17741726
普洱渡,104.2083119,28.25913998
滩头,104.2757858,28.32036765
邓家湾,104.0144794,27.60573781
田梁子,103.9695515,27.55837161
彝良,103.9293546,27.51205556
彝良南,103.9314195,27.52669838
二道桥,103.8447999,27.48342012
昭通,103.7976573,27.39156558
昭通南,103.9695515,27.55837161
磨心坡,106.4751153,29.85866703
北碚,106.4382119,29.80867222
茄子溪,106.5085606,29.43276347
小南海,106.4392677,29.36209434
石场,106.4166654,29.35029958
大足,105.7436183,29.4383283
长河碥,105.7870931,29.42194085
丰都,107.6966438,29.85176405
白涛,107.508608,29.5547198
磨溪,107.4161337,29.64303606
涪陵北,107.283234,29.77411312
涪陵,107.3400312,29.7068092
白沙沱,107.4954408,29.52229311
合川,106.2845093,29.9668696
三汇坝,106.5853185,30.06553491
白沙,106.132686,29.07625424
古家沱,106.2197749,29.22759264
江津,106.2473188,29.2677106
平等,106.0329638,29.10570755
油溪,106.1563604,29.20628318
金刚沱,106.1170657,29.14914134
茨坝,105.9408275,29.11649507
朱杨溪,105.9574073,29.0678056
重庆南,106.5461091,29.50157837
铜罐驿,106.3952097,29.30050764
黄磏,106.3049966,29.27525486
重庆西,106.435498,29.43649296
梁平,107.8233945,30.72139604
保家楼,108.3140122,29.43135466
郁山,108.4374653,29.53741845
高谷,108.0800412,29.38742921
干溪沟,108.5472165,29.4890007
彭水,108.2420004,29.36787248
石门坎,106.8282838,28.67568025
镇紫街,106.6821566,28.79292825
赶水,106.7183805,28.75235243
东升坝,106.68538,28.893276
三江,106.7088734,28.95327672
核桃园,108.7439779,29.48213492
鱼泉,108.9098937,29.17110832
黔江,108.7970929,29.44903368
安富镇,105.4857343,29.37074301
荣昌,105.587307,29.40095736
峰高铺,105.6427835,29.43939052
广顺场,105.5337858,29.37516421
梨树湾,106.439014,29.55592086
重庆东,106.4425514,29.51266802
团结村,106.3831334,29.64846746
石柱县,108.1039899,29.97159653
潼南,105.8840284,30.22579
万州,108.4063093,30.76104248
白马,107.5671416,29.41293265
武隆,107.7829045,29.33242233
中嘴,107.8554461,29.3079957
珞璜,106.4384855,29.33965756
龙池,109.0565163,28.60864777
秀山,109.0221411,28.45194801
柏林,105.9537995,29.17082093
永川,105.90687,29.34730781
临江场,105.9567566,29.23641443
长潭沟,108.9841538,29.07362977
泔溪,108.9498067,28.98311834
酉阳,108.9686915,28.81401579
重庆北,106.5574405,29.61373264
重庆,106.5539902,29.5558374
长寿北,107.0819381,29.88567168
长寿,106.9699416,29.79616636
潮汕,116.5944151,23.54253566
潮州,116.5907318,23.64425358
饶平,116.939782,23.7172814
常平,114.0127287,22.98943628
东莞东,114.0454885,22.97358799
虎门,113.679886,22.86763631
东莞,113.8653917,23.09380923
樟木头,114.0738031,22.9078407
丰顺,116.1971481,23.75693825
顺德学院,113.3261445,22.82858851
顺德,113.282963,22.88145604
高州,110.8955794,21.90128614
佛山,113.1104704,23.05302647
三水,112.894364,23.16480515
碧江,113.2689868,22.95557029
北滘,113.2701838,22.9211975
容桂,113.3163049,22.75775987
光明城,113.9609566,22.73956939
广州南,113.2759886,22.99449891
广州北,113.2110571,23.38276453
广州,113.2641069,23.15467406
庆盛,113.4979511,22.87214668
广州东,113.3311109,23.1559198
和平,114.9753797,24.46322279
河源,114.6897261,23.76519994
惠东,114.8011515,22.84981957
葵潭,116.0028361,23.07106204
惠州西,114.3690325,23.09795705
惠州南,114.4988716,22.79035062
惠州,114.4230691,23.1578736
江门,113.1098463,22.56666057
新会,113.0777253,22.52331015
揭阳,116.3762748,23.57647387
乐昌,113.3637125,25.13516458
坪石,113.0606377,25.29015136
雷州,110.0526177,20.92540406
龙川,115.2440228,24.11807124
信宜,110.9725469,22.3359906
茂名东,110.9344418,21.64889841
梅州,116.1377335,24.26543276
大埔,116.5837417,24.41550991
华城,115.6313684,24.07691124
普宁,116.2058635,23.27299799
源潭,113.2086187,23.66817371
清远,113.141081,23.69976976
潮阳,116.4284783,23.38741929
汕头,116.7612582,23.37774904
汕尾,115.4351769,22.8166058
韶关,113.5208416,24.75652813
韶关东,113.6108379,24.80016933
深圳东,114.1252525,22.60748366
深圳坪山,114.3327665,22.71393773
深圳北,114.0354307,22.6155135
深圳,114.1236341,22.53793636
深圳西,113.9139657,22.53438222
兴宁,115.7351787,24.10864554
徐闻,110.1524271,20.35253514
阳春,111.7679505,22.19619509
英德,113.4459587,24.1650389
英德西,113.3571714,24.16579866
陆丰,115.739618,22.95425124
湛江西,110.2870213,21.22211413
肇庆,112.4543567,23.08753543
古镇,113.2127161,22.60371041
中山,113.4397598,22.54972447
南朗,113.5403749,22.49576811
南头,113.9139657,22.53438222
中山北,113.3891352,22.56316129
东升,113.2909577,22.610511
小榄,113.2765134,22.65303885
唐家湾,113.5579445,22.36889482
珠海,113.5558925,22.22127138
珠海北,113.5583596,22.40719112
明珠,113.5215151,22.27477453
前山,113.5327346,22.2404825
桃映,109.0279102,27.86624439
松桃,108.9794005,28.08223745
铜仁,109.2111604,27.74598093
美兰,110.4678714,19.9476176
海口,110.1689779,20.03367376
海口东,110.349661,19.98979616
陵水,110.0392499,18.54251796
琼海,110.4977774,19.24643626
博鳌,110.4930433,19.14284855
亚龙湾,109.6087835,18.30868578
三亚,109.4993981,18.3023836
神州,110.3144405,18.73098083
万宁,110.3877714,18.81386668
文昌,110.7441095,19.61228413
安化,111.1071535,28.0399154
澧县,111.6109974,29.82545011
石门县北,111.4411505,29.6065978
常德,111.701486,29.07755158
郴州,113.039763,25.81384168
郴州西,112.9765224,25.741715
辰溪,110.2617835,27.88498431
衡山西,112.7957572,27.2535123
衡山,112.7957572,27.2535123
祁东,112.0721282,26.76631362
衡阳,112.6376215,26.89569625
衡阳东,112.7161967,26.90223487
怀化,109.9737082,27.56350944
麻阳,109.8098149,27.86188142
会同,109.7387126,26.88853724
吉首,109.7415536,28.33072427
靖州,109.6946635,26.57257768
耒阳西,112.7948453,26.4200966
耒阳,112.8293441,26.4097362
冷水江东,111.5004442,27.69092088
涟源,111.6821154,27.69093179
临湘,113.4905325,29.48093742
娄底,112.0127097,27.74587424
锦和,109.6116632,27.72691811
汨罗东,113.1508441,28.7514744
汨罗,113.0822678,28.81943187
祁阳,111.8383404,26.614806
韶山,112.5305262,27.93080958
邵东,111.7566227,27.27766191
邵阳,111.4676555,27.21939368
石门县,111.3743147,29.59470997
通道,109.6386645,26.32211424
塘豹,109.6286879,26.2131023
湘潭,112.9196331,27.88092705
猛洞河,109.9954169,28.69856982
湘乡,112.5359054,27.75063874
新化,111.3110955,27.73379986
新晃,109.2033309,27.35424005
低庄,110.7221904,28.05503752
溆浦,110.5843949,27.93244973
益阳,112.4016646,28.50286948
马田墟,112.8922138,26.10812093
永州,111.5774556,26.46019271
路口铺,113.3725039,29.51582038
岳阳东,113.2146284,29.37198588
岳阳,113.1266464,29.3820941
慈利,111.12545,29.42272036
张家界,110.493057,29.11056812
长沙,113.019607,28.19959597
长沙南,113.0718382,28.15265108
泸阳,110.1011858,27.60838433
株洲,113.1633048,27.84118456
株洲西,113.0751713,27.79669941
梅江,109.056149,28.2679295
古里金,122.818557,47.85725834
完工,118.9046447,49.19225492
哈尔滨东,126.7174209,45.79423277
换新天,133.0763014,47.37416424
建三江,132.6490676,47.25895741
安达,125.3287053,46.40888934
羊草,125.4319691,46.34042549
北安,126.5188199,48.24168633
二井,126.5345408,48.36284572
佛岭,130.5829806,45.63366062
勃利,130.5663437,45.76193235
互助,130.6908888,45.80258642
通天屯,130.5532171,45.71785015
八村,124.741252,46.30390839
林源,124.7707673,46.35033142
向阳村,124.5794833,46.07559859
新华屯,124.6381402,46.15392374
立志,124.5774776,46.00104491
兴无,124.687451,46.21670343
泰康,124.4545548,46.87729435
烟筒屯,124.1744287,47.00971121
高家,124.561468,46.82031606
银浪,124.8684548,46.50265192
创业村,124.8067538,46.41098634
卧里屯,125.2249015,46.47567514
喇嘛甸,124.7872558,46.71377726
壮志,124.855955,46.64688841
独立屯,124.8565143,46.57838688
大庆西,124.8926415,46.66245691
大庆,125.0188757,46.60391606
韩家园,125.7502329,52.07529896
碧水,123.672759,52.12414984
呼源,123.584409,51.7394052
呼中,123.6131923,52.04224999
加格达奇,124.1326131,50.42689826
加南,124.1687526,50.33176366
松树林,124.2529822,50.53520943
白桦排,124.2048469,50.24355046
翠峰,124.2946749,50.62278415
漠河,122.5182917,52.99598278
古莲,122.3854939,52.96687552
阿木尔,123.1693672,52.86729882
长缨,123.3357536,52.87312429
图强,122.8049915,52.94345747
大扬气,124.2068271,51.01147499
古源,124.3267156,50.93740075
劲松,124.1957408,51.07337873
小扬气,124.2942576,50.80156611
新天,124.2448632,51.29931798
塔河,124.7127293,52.34504703
蒙克山,124.223171,52.65274195
聂河,123.5740369,52.76606925
盘古,123.8851102,52.71069182
瓦拉干,124.5533812,52.59568088
绣峰,124.6140581,52.49976762
育英,122.6302807,52.96919659
碧州,124.6209399,51.95549181
翠岗,124.7015217,52.0494371
大乌苏,124.5423638,51.79703185
宏图,124.1658351,51.61683271
塔尔根,124.729669,52.24791804
塔源,124.2963306,51.45766754
太阳沟,124.3309098,51.33259829
林海,124.3650882,51.58548136
新林,124.418334,51.68690832
东方红,133.0971409,46.21228152
绥阳,130.9011193,44.42777345
绥西,130.8349418,44.44667187
太岭,130.6848659,44.56530384
东二道河,134.128816,47.69328446
抚远,134.40861,48.35213551
寒葱沟,134.1639625,47.97821697
洪河,133.5279903,47.5878564
前锋,133.8951776,47.60877935
双龙山,132.5044763,47.31570839
二道岗,131.8722932,47.09909904
富锦,132.0533306,47.24412646
向阳川,132.3435534,47.31437285
富海,124.8558903,47.87293031
冯屯,124.1377582,47.47167313
塔哈,124.244481,47.56463174
二道湾,124.5528348,47.96722565
哈川,124.4424631,47.74200797
群力,124.3202471,47.62481946
小榆树,124.4765593,47.87360362
中和,124.3887814,47.68619078
富裕,124.4671218,47.80352899
阿城,127.0026647,45.55650339
平山,127.4111058,45.32825459
小岭,127.3287932,45.33906226
亚沟,127.0824233,45.48778978
玉泉,127.1687654,45.42229613
滨江,126.6626402,45.7816748
呼兰,126.6528516,46.00419559
白奎堡,127.0108494,46.37658634
康金井,126.8235548,46.20240205
徐家,126.6499464,45.91557681
沈家,126.7775234,46.10248075
石人城,126.9028791,46.30484867
哈尔滨西,126.5844437,45.71280579
哈尔滨,126.638843,45.76694434
平房,126.681934,45.59144127
对青山,126.3517256,45.93712571
万乐,126.4714187,45.89113793
庙台子,126.5745603,45.83628643
新松浦,126.6719967,45.84713445
孙家,126.6895633,45.70131786
王岗,126.5512831,45.67641208
新香坊,126.7744566,45.71773552
东门,126.7227338,45.74602603
香坊,126.6859557,45.72713376
王兆屯,126.6635979,45.74187862
成高子,126.8432533,45.70557112
长汀镇,128.9415352,44.4726746
柴河,129.6934064,44.77355553
海林,129.3946147,44.57324539
敖头,129.275237,44.53800446
横道河子,129.0815572,44.81984658
拉古,129.5044471,44.57133378
治山,128.9954603,44.86017528
山市,129.1082638,44.5847004
青岭子,129.0752712,44.64502984
宝泉岭,130.535437,47.44209968
鹤北,130.4773678,47.54813066
鹤岗,130.2906884,47.34645636
峻德,130.2992196,47.20291059
新华,130.3117996,47.12382744
黑河,127.5069495,50.23935742
通北,126.767909,47.77389346
杨家,126.7477713,47.84359105
赵光,126.7449888,48.07474995
西岗子,127.3550071,49.90914322
李家,126.7634685,47.94604907
潮水,127.3765321,49.74479546
锦河,127.4207302,50.14302553
龙门河,126.8772968,48.90055962
辰清,127.2555175,49.14155866
孙吴,127.329965,49.43222701
二龙山屯,126.6545832,48.50166737
五大连池,126.6250724,48.63522078
龙镇,126.7240099,48.69210683
襄河,126.862084,48.80822053
宝东,132.8074565,45.74931636
卫星,132.4995662,45.7292685
虎林,132.9837794,45.77063132
凯北,132.4225454,45.72973061
杨岗,132.2951884,45.72303995
迎春,132.9530273,46.04312216
东海,131.3330924,45.29679462
鸡东,131.1584009,45.25831721
永安乡,131.4842676,45.3452761
滴道,130.8401131,45.35152326
兰岭,130.7126835,45.30308609
柳毛,130.7898477,45.24180091
鸡西,130.9846981,45.31028143
梨树镇,130.6887762,45.08412063
西麻山,130.4863681,45.21940922
麻山,130.4863681,45.21940922
青龙,130.5929116,45.25364956
新家,130.5883149,45.220199
五龙,130.6258661,45.28118431
东佳木斯,130.4445172,46.79470978
申家店,130.664189,46.60323028
四马架,130.6341518,46.78085949
永胜,130.5589479,46.78003983
八虎力,130.6527461,46.34077318
孟家岗,130.6666918,46.42766534
桦南,130.5895034,46.25003117
阎家,130.5304981,46.11481862
莲江口,130.3350442,46.88594143
望江,130.179166,46.86910566
半截河,130.3229823,46.95392343
鹤立,130.2984475,47.05896778
汤原,129.9311635,46.75417794
香兰,129.7646146,46.65865213
兴莲,130.3021783,46.88508845
佳木斯,130.3896952,46.81085466
长发屯,130.4898825,46.74263698
奎山,130.4160997,45.23474493
杨木,130.3488807,45.26701522
林口,130.2767333,45.29858399
宝林,129.9843106,45.03510201
楚山,130.0357182,45.12548452
向阳,130.3076151,47.35712907
虎山,130.6300006,45.57529861
青山,130.5757013,45.4522548
五林,129.7988873,44.82708289
白山乡,123.2845676,47.28722748
鲁河,122.9948497,47.45537901
龙江,123.1916228,47.34058966
黑台,131.6307433,45.415969
连珠山,131.8152518,45.51885282
密山,131.8809707,45.55725495
密山西,131.830202,45.52143306
裴德,131.9122296,45.6440705
兴凯,132.0757028,45.71254494
牡丹江,129.6194109,44.59623665
古城镇,130.3013876,45.36100058
亚河,130.4410506,45.40347031
朱家沟,129.8643423,44.88311399
海浪,129.5623162,44.54663206
卡路屯,129.570062,44.55885834
温春,129.5078975,44.44159804
桦林,129.6814984,44.68381223
爱河,129.7054633,44.58746875
八面通,130.5479398,44.93220706
马桥河,130.5621574,44.68958496
红房子,130.6184716,44.6042661
磨刀石,129.8749975,44.56828401
大观岭,129.9086861,44.57721595
代马沟,130.0256204,44.54703314
穆棱,130.2675588,44.53356789
北林,130.159375,44.52397004
下城子,130.4532189,44.67777259
伊林,130.3600224,44.60628568
拉哈,124.6430231,48.21704285
恒地营,124.9702339,48.56740585
老莱,125.0136873,48.65638421
八方,124.7931476,48.41490476
六合镇,124.7041492,48.35610302
光明,124.6425592,48.28458164
讷河,124.8552734,48.48694622
青水山,124.6230724,48.10963907
团结,124.6227199,48.10958529
鹤山,125.2522919,49.02209164
九三,125.263044,48.88740978
新彦,125.2658617,49.13906778
伊拉哈,125.171058,48.83193467
嫩江,125.2555109,49.18348447
新高峰,125.2890686,49.07489899
东京城,129.231692,44.12392137
兰岗,129.4190176,44.27318484
马莲河,129.2122175,44.02684764
宁安,129.469582,44.36564394
斗沟子,129.2678722,43.94702147
石头,129.3443233,44.18347973
倭肯,130.5370918,46.01073742
杏树,130.5704307,45.92848822
大西,130.5885425,45.84993475
七台河,130.9088073,45.81709663
昂昂溪,123.821155,47.16814746
红旗营,123.9196895,47.12945105
三间房,123.8501076,47.10468894
榆树屯,123.9021094,47.16154037
富拉尔基,123.6525359,47.21668805
虎尔虎拉,123.5563168,47.25283891
高头,124.07869,47.42004697
克东,126.2179496,48.16669335
古城,125.6871254,47.96623759
克山,125.8572232,48.02249573
吉新河,122.8779948,47.64888083
碾子山,122.8900826,47.52128304
大民屯,123.9687245,47.26255382
齐齐哈尔,124.0014228,47.34600489
帽儿山,127.5270319,45.28328278
苇河,128.3867863,44.95860638
亚布力,128.6217697,44.93484019
亚布力南,128.4952915,44.79877005
一面坡,128.0866978,45.06890279
虎峰,128.9747811,44.91998552
开道,128.9065742,44.9375783
尚志,127.9684961,45.21550724
双城堡,126.2991219,45.40225417
兰棱,126.195641,45.22686363
五家,126.3995045,45.55046152
周家,126.6788225,45.46750498
太平镇,130.731234,46.78196266
丰乐镇,130.8817949,46.81738625
福利屯,131.1477343,46.73425449
升昌,131.3811402,46.73253555
笔架山,131.0113379,46.79263406
双鸭山,131.158816,46.65097316
金沙岗,131.2160467,46.74240776
新友谊,131.8281031,46.77815217
红兴隆,131.6084182,46.73777419
九营,131.9599777,46.92619924
绥芬河,131.1642506,44.3985498
兴隆镇,127.1265861,46.44984341
绥化,127.0222425,46.65026779
东津,127.222639,46.74558809
兴福,127.1271049,46.69667494
秦家,127.0162054,46.81025982
沙园,127.017358,46.76456607
四方台,131.3152813,46.67554353
万发屯,127.1346336,46.55048393
张维屯,127.0123923,47.06804205
海伦,127.0006867,47.47276609
东边井,127.1253276,47.42277009
海北,126.883796,47.67550342
扎音河,126.9495044,47.59942165
全胜,127.3263818,46.86058219
龙船,127.3947378,46.88808022
高老,127.6477285,46.94416181
庆安,127.5099775,46.89361124
绥棱,127.0895141,47.25458202
大兴,116.3386746,39.72765366
江桥,123.6967495,46.78386957
平洋,123.548284,46.60455572
汤池,123.7870829,46.99927497
泰来,123.4186147,46.39834809
界山,128.6591556,47.0223411
前进镇,133.131157,47.54985652
安家,127.0743997,45.05805281
背荫河,127.0049888,45.17558493
拉林,126.9034392,45.23660993
牛家,126.7433659,45.3564287
五常,127.1507215,44.92774855
红山,129.0390887,47.99446756
带岭,129.0274029,47.02919508
红星,129.3981235,48.24792345
金山屯,129.4300062,47.42920989
美溪,129.1477327,47.64287594
绿潭,129.3867867,47.12116926
晨明,129.5005578,46.98731212
威岭,129.5683611,46.87110811
浩良河,129.6509065,46.74069508
柳树,129.3431489,47.18059659
松青,129.1258234,47.10287203
南岔,129.2875364,47.14001431
汤旺河,129.5878133,48.46114631
朗乡,128.885132,46.96454272
小白,128.7220456,46.97602173
双丰,127.7736168,46.98573078
桃山,128.192345,46.93697814
神树,128.4342044,46.94904973
圣浪,128.519873,47.00674396
石长,128.330299,46.94270144
铁力,128.0600165,46.98082517
王杨,127.931991,46.97631661
乌伊岭,129.4472022,48.6040044
五星,127.6848941,47.90264785
五营,129.2503049,48.12458512
西林,129.322756,47.49052517
苔青,129.2741593,47.57428803
新青,129.5336256,48.29756404
伊春,128.9336175,47.73473313
友好,128.8554698,47.87026311
双子河,128.8483381,47.83743375
依安,125.2931156,47.88069585
姜家,126.1059254,46.01740684
里木店,126.2227247,45.97356078
尚家,125.8837191,46.13382033
宋,125.6382292,46.22906268
肇东,126.0056356,46.0840207
石磷,130.705398,45.17294694
哈达,121.4107674,45.08865252
得耳布尔,121.0856549,50.99878585
金河,121.5063992,51.34189471
库都尔,121.6366534,50.03349788
岩山,121.2545208,49.71649492
西岭口,121.4906418,48.85507685
嵯岗,118.1059495,49.26301395
沟口,122.0327902,48.68648018
大良,119.4398353,49.18452545
东宫,119.0427752,49.16818635
都伦,118.7560254,49.18596278
陵丘,118.6209528,49.20187776
乌兰丘,119.1993666,49.15245311
莫尔道嘎,120.8166726,51.23973893
索图罕,122.8911861,50.63779631
大雁,120.5587916,49.23816363
阿乌尼,122.0046133,51.95663417
扎罗木得,120.441587,49.22370088
朝中,121.3797935,50.92210718
牛耳河,121.7450809,51.55862743
阿龙山,121.8860192,51.69413629
金林,121.2755478,51.14859102
阿里河,123.7437158,50.5924017
布苏里,123.4412678,50.56711872
大杨树,124.622854,49.76081904
春亭阁,124.4990337,49.79715657
大杨树东,124.6674796,49.71785768
甘河,123.0637213,50.63544239
吉文,123.2224314,50.60045818
克一河,122.5069253,50.66376195
喀喇其,122.0625872,50.70799124
讷尔克气,124.2608662,50.1588278
朝阳村,124.3354434,50.03220499
乌鲁布铁,124.3812238,49.89528624
根河,121.515996,50.78323516
满归,122.0810432,52.04309792
哈达阳,125.2232806,49.30795368
哈力图,125.2009401,49.38292378
红彦,124.9889978,49.51939903
杨木山,124.8933782,49.57095128
达拉滨,124.7959266,49.67164488
汇流河,120.8484268,49.30053212
赫尔洪得,118.4730136,49.20797924
乌固诺尔,119.3341883,49.15967525
哈克,120.0894294,49.19807585
海拉尔,119.74712,49.23503712
石门子,121.5860235,48.55279848
原林,121.4021465,49.89264851
岭南,121.7923476,50.21753402
图里河,121.6809119,50.48986822
伊图里河,121.5592692,50.63440055
岭北,121.7674249,50.31365615
乌尔旗汗,121.3981806,49.5776613
煤田,121.326216,49.48554995
牧原,121.1405247,49.41501583
东壕,117.6558672,49.50717553
胪滨,117.5535201,49.55548462
满洲里,117.4569304,49.59055304
扎赉诺尔,117.775782,49.45018138
扎赉诺尔西,117.7013826,49.47822688
湖北,117.8710946,49.39004639
皇德,118.3297435,49.23922926
巴林,122.3393445,48.32209578
喇嘛山,122.2675583,48.39269191
雅鲁,122.1504891,48.55630547
北头河,121.1346217,49.0349251
博克图,121.9223405,48.75998403
新绰源,121.3201898,48.30547248
哈拉沟,121.3587457,48.83339987
免渡河,121.0736282,49.10553406
沙力,121.8261211,48.77543959
塔尔气,121.2012388,47.99247254
乌奴耳,121.25542,48.8792242
小北,120.9648303,49.17892566
新帐房,121.8266764,50.14633524
兴安岭,121.6787341,48.82712585
大其拉哈,121.7620759,50.70243167
牙克石,120.7442422,49.28514949
忠工屯,121.7663589,48.62910466
成吉思汗,122.8457635,47.75414482
高台子,122.8084771,47.94267277
哈拉苏,122.4343236,48.12272137
南木,122.3730055,48.18490143
扎兰屯,122.7501346,48.02334308
卧牛河,122.6988847,48.08665719
西里,112.0834477,43.56079335
齐哈日格图,112.3641965,43.2400059
赛乌苏,112.1494047,43.48284594
查干特格,112.2499513,43.38351837
夏拉哈马,112.401294,43.18598267
民族,112.1048754,40.90187286
陶卜齐,112.04784,40.89363732
乌兰胡同,109.874895,41.61640391
包头东,110.0311654,40.57660052
老羊壕,109.848287,41.3997627
额济纳,101.0408282,41.90462529
本井,105.9169507,39.40984543
黑沙土,106.3872922,39.46874344
巴彦高勒,107.0277043,40.33875497
头道桥,107.1520833,40.5954206
临河,107.4355238,40.74963368
白彦花,109.302769,40.63386957
乌拉山,108.784891,40.66312923
乌拉特前旗,108.6571054,40.71891141
公庙子,108.9712088,40.63066686
四分滩,107.7189658,40.87664815
包头,109.8423295,40.61247529
白云鄂博,109.9645713,41.77902066
东兴,110.2015777,40.5635867
公积坂,110.373195,40.56459993
西斗铺,109.8034749,41.22804995
坝梁,109.7777384,41.09721668
艾不盖,109.8737928,41.54338904
瓦窑坝,109.8129286,40.74707513
哈业胡同,109.4495626,40.63207339
美岱召,110.7518557,40.58965131
萨拉齐,110.5380364,40.57046543
沙日乃,120.5671062,43.68117226
道德,120.4313979,43.71724357
准沙日乌苏,120.8432785,43.6677644
八家子,129.1466737,42.67378323
福兴地,120.1982439,43.75753183
查布嘎,120.0823329,43.86974033
西沟,97.97588805,39.6754095
宝木吐,118.7827492,43.64373992
大板,118.6526557,43.53700106
平顶庙,118.4229621,43.60010623
查干哈达,119.3052323,43.7842702
达日其嘎,119.2678491,43.84756225
林东,119.4193841,43.94060116
衙门庙,119.5479893,43.9323645
公主埂,116.7244177,42.93315423
好鲁库,116.8098288,42.99704061
北井子,116.9205485,43.03537704
经棚,117.5441812,43.27917833
马架子,117.3585185,43.23542565
汗苏鲁,117.0502603,43.07659257
下坑子,117.5758147,43.32896896
上店,117.6439168,43.39195114
嘎拉德斯汰,117.7560198,43.47699214
六地沟,117.712943,43.43411933
宇宙地,117.8715472,43.55660218
温都和硕,118.3175044,43.60955029
林西,118.0877568,43.59980415
杭锦旗,107.0432815,40.27518237
东胜西,109.8836063,39.7303234
毕克齐,111.2861339,40.72805237
察素齐,111.1327793,40.71109704
哲里木,122.2070567,43.64005448
金家店,121.5702066,43.66075752
开鲁,121.2913503,43.63842491
福巨,121.8877904,43.64257121
陶思浩,110.9390425,40.66502319
乌海北,106.7860251,39.80663918
黄白茨,106.7800765,39.54916429
明安,109.815597,40.86180254
高家村,109.803995,40.98755637
丰镇,113.1701947,40.44110989
七苏木,113.1991927,41.08527997
白音察干,113.1918567,41.46132164
宝拉格,113.1548571,41.70865732
土牧尔台,113.1521332,41.85668178
阿贵图,113.1481398,41.7897037
芦家村,113.2101833,41.38814124
乌兰哈达,113.19575,41.6399899
土贵乌拉,113.2122709,40.79160231
红砂坝,113.2188886,40.68896289
新安庄,113.2374852,40.53722013
大陆号,113.2907439,41.21260272
乌兰哈达,113.19575,41.6399899
保健,113.1142089,41.03681454
兴和,113.8225457,40.85672783
苏集,113.1203347,40.90577968
石门村,109.7957998,41.04437627
营盘湾,109.799323,40.93100526
集宁南,113.1064487,41.03711445
兴和西,113.8197518,40.85571918
旗下营,112.1597305,40.98334344
卓资山,112.568322,40.90836306
八苏木,112.8549559,40.95853039
福生庄,112.4689578,40.97390778
姑家堡,112.6272019,40.92600093
马盖图,112.7125115,40.91272158
三道营,112.3025386,40.99889822
十八台,112.8250506,40.91064224
卓资东,112.6261096,40.9301787
朱日和,112.9065045,42.40325519
巴彦郭勒,112.9900489,42.19424188
白银哈尔,113.0287059,42.12491641
德日斯图,112.9514155,42.34742086
乌兰花,113.1082446,42.00658302
赛汉塔拉,112.6668957,42.75405106
查干芒和,115.4699359,42.4739593
贺日斯台,116.1981095,42.79025815
牙拉盖图,115.8327055,42.63163533
桑根达来,115.9516325,42.68863252
朝格温多尔,115.005928,42.22113292
道仑郭勒,115.2220054,42.35869141
西胡尔清,115.1633554,42.27604703
正镶白旗,115.0474575,42.28705995
锡林浩特,116.0334234,43.92537845
碱柜,106.7684311,39.94661615
孤山,113.3379415,40.23284284
堡子湾,113.2867983,40.3568296
锡林呼都嘎,112.7934308,42.57960259
郭尔奔敖包,112.4778279,43.06538654
楚鲁图,112.6082176,42.85179893
星耀,114.9035494,42.21623676
台前,115.8698571,35.97020258
博兴,118.1490213,37.14211828
曹县,115.5882856,34.83214574
平原,116.4461819,37.17655938
晏城,116.76489,36.80938951
禹城,116.6402608,36.92982989
定陶,115.6019582,35.07091736
东营,118.478862,37.46155562
费县,117.985894,35.28407735
高密,119.7742317,36.39873738
海阳,121.0037635,37.08683344
菏泽,115.5132491,35.23672597
蓝村,120.1903196,36.40198704
济南西,116.8982263,36.67470433
济南,116.9974535,36.67671802
济南东,117.0361065,36.6868321
济宁,116.6074519,35.39841285
嘉祥,116.3648131,35.39870821
胶州北,120.0620463,36.40202071
胶州,120.0056493,36.30399826
莒南,118.8537051,35.18882896
莒县,118.8468824,35.65739251
巨野,116.0941157,35.38569121
鄄城,115.6766279,35.42890997
莱芜东,117.7003423,36.23537396
蔺家楼,117.5755628,36.25226533
司家岭,117.4752356,36.23830087
莱芜西,117.655152,36.25036642
莱西,120.5244118,36.81578127
莱阳,120.7168549,36.93450608
梁山,115.9440932,35.82533229
聊城,115.9506024,36.46308469
临清,115.744415,36.8483278
临沂北,118.4499289,35.12313659
临沂,118.3504794,35.04281615
平邑,117.6498633,35.52250674
青岛,120.3189288,36.07075992
青州市,118.5103637,36.77730592
曲阜,117.0368664,35.58913183
曲阜东,117.0754355,35.56191191
日照,119.5392171,35.40980994
泰安,117.1173573,36.19270201
泗水,117.2681874,35.64224122
范镇,117.4026987,36.22384512
磁窑,117.11283,35.90711518
泰山,117.1173573,36.19270201
燕家庄,117.282344,36.1999369
上高镇,117.1834705,36.18241433
郯城,118.3831951,34.60847936
滕州,117.1606201,35.08636048
滕州东,117.2641382,35.0958316
乳山,121.513533,37.00316841
威海,122.1509449,37.43282054
文登,121.9977168,37.18583054
昌乐,118.8455265,36.71656394
潍坊,119.1050138,36.70319829
五莲,119.213948,35.81095968
桃村,121.1485434,37.19466262
烟台,121.3893737,37.55444989
兖州,116.8475269,35.56129204
阳谷,115.8152577,36.1078496
沂南,118.6261351,35.49352603
沂水,118.7336284,35.64978972
郓城,115.9081132,35.60760485
枣庄,117.3129767,34.78553094
枣庄西,117.2614837,34.79854701
章丘,117.5059425,36.72805181
诸城,119.3967297,36.06877636
南博山,117.9668116,36.36404696
源迁,118.0596603,36.43935302
刘征,118.2119212,36.70395539
临淄,118.2976233,36.81005148
南仇,118.2606866,36.75378141
淄博,118.0635775,36.7956267
北牟,118.1119939,36.51641601
西桐古,118.154007,36.56837926
黑旺,118.2089022,36.63082223
邹城,116.9648391,35.406609
柏果,104.5098631,26.0070032
盘关,104.5150833,25.90238116
平田,104.5126293,25.84145894
红果,104.4721745,25.72082097
沙沱,104.4500844,25.72652108
上西铺,104.4801723,25.6865579
平关,104.3544722,25.65832373
雨格,104.6750634,26.10368942
鲁番,104.5409415,25.62698346
威箐,104.5638002,25.5434162
小雨谷,104.6138026,25.47751181
白鸡坡,104.8134392,26.44389124
都格,104.7043285,26.36414821
发耳,104.8182148,26.32336674
玉舍,104.8207957,26.47563971
营街,104.7981057,26.30486679
茅草坪,104.7537418,26.23665356
三家寨,104.675693,26.09927596
瓦窑田,104.6573904,25.38803761
月亮田,104.5056387,25.9312556
松河,104.6358235,26.04369576
花家庄,104.489251,25.79097829
威舍,104.7560584,25.29056156
新坪田,104.693836,25.32560789
岔江,104.668415,25.06780758
革居,104.7056868,25.11613717
花棚子,101.9197665,26.2642063
拉鲊,101.9353221,26.37796513
迤资,101.8739276,26.46346654
师庄,101.843672,26.10728246
新江,101.8436229,26.16567324
楚雄,101.5511266,25.05689162
广通北,101.7638923,25.17037339
阿南庄,101.829808,25.45408997
龙骨甸,101.7833591,25.41643082
黑井,101.7485351,25.3540809
禄丰南,102.0703751,25.12698882
甸心,101.726539,25.32247532
龙塘坝,101.7065181,25.25364397
小村,101.853319,25.49000424
羊臼河,101.8392416,25.5035585
黄瓜园,101.8700153,25.82983509
大湾子,101.8279705,26.00817991
红江,101.8725121,25.91133899
小月旧,101.8399093,25.59857386
尹地,101.8364899,25.64288147
元谋,101.8489073,25.74465707
鹤庆,100.2227255,26.56223079
祥云,100.5522651,25.47629769
车转湾,104.1590133,25.69872874
建水,102.8792939,23.66365256
昆明,102.7283354,25.02160539
广南卫,102.9081637,24.93103954
七甸,102.9869592,24.93679104
王家营西,102.8319155,24.92405086
金马村,102.8483013,25.02552236
昆阳,102.6149916,24.66891422
羊堡,102.8133361,24.97354703
茂舍祖,103.4241567,24.86317456
石林,103.3360286,24.86870052
石林南,103.4338682,24.76024452
西街口,103.52624,24.83788315
宜耐,103.6055013,24.84651636
昆明西,102.6529484,25.03420168
小哨,102.9987644,25.16844358
班猫箐,103.2173189,24.93852934
宜良北,103.1968199,24.98951944
乐善村,103.1615307,25.03324297
施家嘴,103.003389,24.96113553
永丰营,103.0756486,24.98042602
丽江,100.2586884,26.81708277
照福铺,103.374779,25.41764308
蒙自北,103.3273726,23.47054639
弥渡,100.4297468,25.49492303
南华,101.2962869,25.21758278
大田边,104.7229285,25.21787078
羊尾哨,104.2420886,25.69616646
富源,104.2768299,25.68783697
曲靖,103.7988853,25.53252357
陆良,103.7038314,24.85246536
江所田,104.4927325,24.98245919
芦沟,104.3895011,24.95446971
罗平,104.322072,24.9141504
小得江,104.594943,25.04896423
羊者窝,104.2814545,24.85193234
马龙,103.629049,25.49158271
吴官田,103.540813,25.49085673
师宗,104.0252888,24.83178992
新安,104.0488939,24.82207208
秧草地,103.8435361,24.82628347
长坡岭,103.9517005,24.84417692
中寨,104.2634612,24.81250439
白水镇,104.0225612,25.66610878
平河口,103.9349796,25.67573864
小新街,103.2304605,25.31476911
杨林,103.0926511,25.2423501
大理,100.2562088,25.59521885
长冲,100.9634051,25.35935582
沐滂,100.7773355,25.40552214
宣威,104.1255083,26.21485724
大苴,101.1090645,25.34462814
姚安,101.0709014,25.37164408
玉溪,102.53351,24.35821732
通海,102.6754538,24.12250094
白沙坡,103.8743637,25.6636798
红砂岘,104.0703853,36.61421983
白银西,104.1057983,36.55578503
白银市,104.1764237,36.56309892
长城,104.1187927,37.29658322
景泰,104.0623428,37.20060302
兴泉堡,104.0136006,37.12080227
红岘台,104.1068711,36.81225542
东湾,104.7521223,36.65715304
靖远西,104.7389079,36.75489548
吴家川,104.5411796,36.66253349
靖远,104.6592731,36.56624027
长征,104.8547126,36.72903762
定西,104.6316565,35.59784915
通安驿,104.6939005,35.30283837
陇西,104.7117616,34.95805965
云田乡,104.7228636,35.1179098
敦煌,94.7923428,40.17415559
低窝铺,97.25018558,40.14793617
古浪,102.9242395,37.48580643
瓜州,95.77996949,40.57336449
疏勒河,96.87644953,40.4357766
嘉峪关,98.26089843,39.77090402
绿化,98.25686737,39.8077747
桥西,98.17305434,39.74585291
芨岭,101.7947502,38.53711569
金昌,102.0704923,38.37735069
玉石,101.8980463,38.47708923
柳沟,96.44431636,40.6851615
桥湾,96.64857594,40.57166448
酒泉,98.458149,39.65171475
清水,99.05095887,39.36276365
兰州,103.8576768,36.04118877
兰州东,103.8990223,36.03584763
皋兰,103.9498106,36.34313516
朱家窑,104.0051665,36.50258997
丰水村,103.9922937,36.46642523
水源,103.8862096,36.14663558
邵家堂,103.8738632,36.18118176
水车湾,102.9615803,36.29625588
花庄,103.1715436,36.1961234
张家祠,103.287102,36.16664196
兰州西,103.7591595,36.07461705
陈官营,103.6606933,36.09692535
坡底下,103.5217334,36.14322127
河口南,103.4628913,36.1696451
西固城,103.6038024,36.11429533
龙泉寺,103.3948137,36.49092463
永登,103.2799752,36.72637574
甘草店,104.2970722,35.80010214
骆驼巷,104.0548558,36.03271437
李家坪,104.4800671,35.71578619
王家湾,104.2590348,35.84928416
桑园子,103.9830342,36.06128347
夏官营,104.1859313,35.9593439
许家台,104.2179167,35.91344374
崇信,106.8996717,35.31743074
平凉,106.7142447,35.55639887
庙庄,106.8443508,35.43957355
平凉南,106.8335192,35.4889374
新李,106.6005003,35.61369211
山丹,101.0810961,38.8184821
镜铁山,97.95582209,39.32505648
磐安镇,105.1218865,34.76840212
甘谷,105.3384954,34.7686485
南河川,105.7727009,34.62960009
三阳川,105.7139196,34.67124991
渭南镇,105.6439695,34.6943307
新阳镇,105.533932,34.69870092
天水,105.9047409,34.57169869
洛门,105.0390309,34.76551828
贺家店,104.8411032,34.75987734
武山,104.9256686,34.72703047
鸳鸯镇,104.7880005,34.80531434
黑冲滩,103.3491566,37.64831314
石峡子,103.4659373,37.62049562
谭家井,103.5988126,37.59663555
龙沟,102.9139331,37.32983674
园墩,102.9808309,37.72668482
土门子,103.0846839,37.6633307
黄羊镇,102.8626753,37.67844058
上腰墩,102.8395212,37.77924827
武威,102.6303861,37.90982946
武威南,102.7440965,37.8212611
打柴沟,103.00557,37.09582835
天祝,102.8492109,37.27253582
玉门,97.05104104,40.27879546
张掖,100.525702,38.97949441
平原堡,100.3751893,39.0843063
高台,99.79590685,39.27586237
许三湾,99.41703195,39.32253402
临泽,100.1664935,39.16278918
狼尾山,98.04468017,39.62897345
庆阳山,104.0117452,37.59720746
岳家井,104.2894755,37.58770972
六盘山,106.2982753,35.71234902
三关口,106.3868838,35.68153683
彭阳,106.2941912,35.81788884
固原,106.3118505,36.02719884
沈家河,106.2756174,36.1260666
二营,106.2544062,36.1901648
三营,106.1553125,36.29719864
灵武,106.3739243,38.16407728
青铜峡,105.9385143,37.92469044
大坝,105.9406422,38.03073279
白芨沟,106.1476117,39.12537323
大武口,106.4283272,38.92284502
汝箕沟,106.117333,39.07338791
石嘴山,106.4283272,38.92284502
平罗,106.4283272,38.92284502
惠农,106.7338988,39.26795092
红寺堡,106.0714723,37.45516412
太阳山,106.5752486,37.45825872
同心,105.9327764,37.00034001
艾家村,105.7723739,37.1812878
石坝,105.8148434,37.10514228
王团庄,106.0100304,36.87371601
盐池,107.3549747,37.74035964
暖泉,106.2808005,38.746603
银川,106.1811303,38.49835688
黄羊滩,106.0252523,38.26672059
长农,105.7007518,37.27803361
中宁南,105.623416,37.34114695
大战场,105.5403293,37.43735217
土桥子,106.0338994,36.80291251
韩府湾,106.1488963,36.57579928
李旺,106.1101885,36.67011323
七营,106.1511891,36.50805845
褚家湾,106.1238898,36.37254432
沙坡头,105.0108266,37.47272455
迎水桥,105.0874766,37.51201031
营盘水,104.3311963,37.45161115
宣和,105.4476331,37.48450961
干塘,104.5236346,37.46342831
中宁,105.673595,37.56170596
中宁东,105.7088769,37.45572721
中卫,105.1967574,37.52790086
定边,107.5839024,37.56834108
福安,119.7237155,26.84038343
福鼎,120.1960735,27.2883882
太姥山,120.2309156,27.13319359
福清,119.3910036,25.68151651
福州南,119.3971327,25.99185529
福州,119.3265624,26.11982665
古田,118.6301792,26.43491553
光泽,117.3581231,27.55610197
华安,117.5412126,25.00834816
建宁县北,116.877675,26.92163595
建瓯,118.3006088,27.02974477
建阳,118.1196818,27.36027888
将乐,117.4864391,26.70217042
晋江,118.4653438,24.80062087
连江,119.5735558,26.20011973
冠豸山,116.685921,25.53022951
上杭,116.7444616,25.18844427
龙岩,117.0129122,25.10160431
苏坂,117.2866304,25.31781934
坂尾,117.1999238,25.27613151
雁石,117.1593388,25.25456163
永定,116.7503925,24.74055405
长汀,116.3508295,25.83536734
罗源,119.5831314,26.46171128
闽清,118.9139016,26.21879426
龙山镇,117.3691933,24.69770352
南平,118.1841905,26.62867993
来舟,117.9934377,26.63157158
南平南,118.2211421,26.63258783
宁德,119.5902183,26.67530574
涵江,119.1822753,25.49743391
莆田,119.0692757,25.35648801
泉州,118.5734574,24.97887981
感德,117.8522046,25.30762841
福德,117.7695025,25.28454533
小舟,117.7136793,25.2981233
格口,117.661638,25.28940878
三明北,117.8132354,26.38205752
三明,117.6139757,26.24630682
厦门北,118.0805353,24.64265118
厦门,118.1225949,24.47395893
邵武,117.4877124,27.35595975
顺昌,117.8228531,26.80578345
泰宁,117.1598648,26.93253572
武夷山,118.0366094,27.73627335
霞浦,120.0392372,26.91569996
永安,117.3849206,25.98049642
永泰,118.9402006,25.85384936
尤溪,118.1481325,26.173371
云霄,117.3681907,23.89750824
大深,117.6081326,25.25612773
麦园,117.5015945,25.59474269
漳平,117.4258556,25.31249832
漳浦,117.5693813,24.10209486
漳州,117.7224291,24.46338281
漳州东,117.7511869,24.57073379
南靖,117.4557121,24.5848216
诏安,117.1053059,23.7782777
角美,117.8865735,24.53321208
安仁,113.2634962,26.77454917
茶陵,113.5562449,26.81626895
茶陵南,113.5313218,26.74362456
醴陵,113.5187023,27.67588759
炎陵,113.7902503,26.5062328
攸县,113.3477753,26.8489706
湖口,116.2911997,29.73534051
九江,116.0122543,29.71100469
德安,115.7740445,29.31532
定南,115.0118803,24.78056943
东乡,116.6326144,28.23393091
分宜,114.670074,27.81180773
丰城南,115.7737004,28.08061351
丰城,115.797031,28.18897148
抚州,116.360553,27.92615243
江边村,113.1199007,27.65756023
赣州,114.9709611,25.82482479
共青城,115.7812189,29.248609
横峰,117.6088903,28.41997978
西江,115.7917651,25.83322942
吉安,115.0276377,27.11090796
峡江,115.3423147,27.60455972
进贤,116.2526963,28.36097344
龙市,113.9746554,26.72563451
井冈山,114.3037284,26.734121
鲇鱼山,117.1156681,29.2105664
景德镇,117.2283707,29.29119463
庐山,115.8883903,29.60401889
甘棠,117.1040233,28.85306324
塔前,117.0996482,29.05379856
乐平市,117.1215368,28.97197403
龙南,114.8840834,24.92550812
南昌,115.9255942,28.66836716
南昌西,115.7990731,28.62877887
横岗,115.9519739,28.5111566
莲塘,115.9484743,28.55805889
向塘,115.9673011,28.44922953
南城,116.6224184,27.56979766
南丰,116.6061258,27.29207599
彭泽,116.5497384,29.87226633
泉江,113.9648789,27.66636766
芦溪,114.0657813,27.66395126
萍乡,113.8477277,27.65331565
瑞昌,115.6776141,29.69455094
瑞金,116.0616941,25.8699069
弋阳,117.4516977,28.41677884
上饶,118.0140937,28.49661068
泰和,114.9557988,26.8371188
万年,117.0864787,28.69102911
新干,115.4027041,27.73854153
新余,114.9458976,27.81511939
信丰,114.9142028,25.40380153
兴国,115.3257699,26.33575621
彬江,114.5589535,27.78807014
贵溪,117.221817,28.29494759
硬石岭,117.0820134,28.45390456
鹰潭,117.0344131,28.24103496
永修,115.8219303,29.02645681
于都,115.4231283,25.98159649
余江,116.825696,28.2205382
画桥,117.0454932,28.52190573
玉山,118.242885,28.6667603
樟树东,115.6109578,27.97548211
樟树,115.5840162,28.08261801
资溪,117.0855825,27.72677163
化州,110.6581617,21.65897531
河唇,110.314998,21.70849933
廉江,110.3028814,21.62102451
茂名,110.8545253,21.68666451
遂溪,110.2730765,21.40443635
湛江,110.3969119,21.19320618
兴安,110.6681025,25.62394801
百色,106.670857,23.89155881
北海,109.1348006,21.45850273
北流,110.1633401,22.60378152
黎塘,109.1389205,23.20084658
文地,110.2117174,21.96360816
岑溪,110.9547136,22.90918735
崇左,107.3646771,22.40977208
濑湍,107.5082134,22.45115877
防城港北,108.3827513,21.71999891
渠旧,107.5888483,22.52098707
渠黎,107.8058504,22.56610024
扶绥,107.925644,22.63458625
富川,111.3686429,24.7983536
贵港,109.6196389,23.10521676
平南南,110.4391859,23.4238182
桂林,110.2892136,25.26723504
桂平,110.1228535,23.32279977
合浦,109.1948118,21.62886607
金城江,108.0715033,24.70579874
贺州,111.5456936,24.46033131
来宾北,109.251055,23.75639934
来宾,109.2474883,23.73643838
柳州,109.3956244,24.31336336
陆川,110.2645141,22.31616943
鹿寨,109.7521315,24.48621845
南丹,107.56443,24.9776613
金鸡村,108.1889177,22.76767489
江西村,108.1102799,22.78262884
南宁,108.321642,22.83292908
宁明,107.070599,22.16389409
龙伯屯,107.1225383,22.18925449
亭亮,107.1946077,22.22252002
天西,107.1869448,22.30893268
平果,107.5722867,23.32242955
凭祥,106.7486032,22.08599039
夏石,106.9164678,22.13071721
钦州东,108.6749071,21.98547717
钦州,108.6228348,21.99249705
全州南,111.0481117,25.95918011
融安,109.4134208,25.21234376
融水,109.2473304,25.0769262
三江县,109.5828744,25.7322955
藤县,110.993864,23.34003832
田东,107.1361991,23.63309565
田林,106.2405578,24.29162486
田阳,106.9424603,23.77158829
梧州南,111.229257,23.39902825
梧州,111.2470801,23.49272713
兴安北,110.6728073,25.68004133
兴业,109.9037057,22.74382106
宜州,108.6338571,24.48491971
永福南,110.0057533,25.00450285
玉林,110.1633401,22.60378152
容县,110.5378811,22.86539014
安龙,105.2503771,25.06976328
册亨,105.8029322,24.99894301
兴义,104.9934684,25.17162097
道州,111.5761959,25.52133243
东安东,111.3442356,26.38374502
江华,111.560959,25.18580412
江永,111.472192,25.35582819
双牌,111.6670825,26.02606312
牙屯堡,109.6291857,26.13624991
零陵,111.5878009,26.22898254
海石湾,102.8721022,36.34654363
德令哈,97.39025202,37.32106708
察尔汗,95.31154488,36.81548397
达布逊,95.37031773,36.92620936
格尔木,94.91371095,36.38849969
刚察,100.143196,37.33483691
哈尔盖,100.4253716,37.2285546
海晏,100.9873996,36.87857642
乐都,102.4416564,36.48304818
平安驿,102.1155497,36.51155204
锡铁山,95.64664575,37.37556646
饮马峡,95.87940462,37.32950493
南山,115.8200109,29.012564
柯柯,98.26218779,36.99069812
乌兰,98.48036784,36.96583982
湟源,101.1737563,36.75406263
西宁西,101.6928588,36.66483952
西宁,101.8204401,36.62613098
安多,91.67409154,32.25593682
当雄,91.11261821,30.47868781
协荣,90.9226474,29.3948
拉萨,91.07681021,29.62879758
尼木,90.2902982,29.33620129
曲水,129.8023101,42.99920894
那曲,91.99863559,31.44865717
日喀则,88.91870994,29.22791468
仁布,89.81741421,29.3165254
安庆西站,116.8250747,30.76763986
安庆站,117.0719849,30.5546491
天柱山站,116.5671164,30.66170029
太湖站,116.3063454,30.46581575
宿松站,116.1104851,30.23566481
固镇站,117.3132245,33.32296581
蚌埠站,117.3842925,32.94975064
蚌埠南站,117.4482067,32.90790119
亳州站,115.8039163,33.85413711
涡阳站,116.2465119,33.49524875
巢湖东站,117.9287591,31.62850456
巢湖站,117.8970007,31.62082251
东至站,117.0350945,30.17832289
池州站,117.5287308,30.62544258
定远站,117.8428631,32.59115638
凤阳站,117.6328747,32.91309666
滁州北站,118.3335677,32.31394424
滁州站,118.326882,32.20424592
全椒站,118.288429,32.06791291
炉桥站,117.232138,32.5612001
阜南站,115.5606198,32.64376694
三堂集站,115.827706,33.34345429
阜阳站,115.8745732,32.92100776
广德站,119.4158786,30.91780088
合肥南站,117.2969056,31.80434321
肥东站,117.4921794,31.86822377
长临河站,117.489976,31.70461702
庐江站,117.1837762,31.34687867
合肥北城站,117.2595079,32.06909251
合肥站,117.3240719,31.89161249
水家湖站,117.1816519,32.49496915
青龙山站,116.8083002,33.87559336
淮北站,116.8103461,33.97267381
淮南东站,117.1574324,32.65190588
淮南站,117.0260961,32.63655161
祁门站,117.736327,29.85299113
黄山北站,118.2798059,29.81957795
黄山站,118.3287345,29.72837783
歙县北站,118.4171944,29.92818305
歙县站,118.4178343,29.87291303
绩溪北站,118.5784715,30.07690561
霍邱站,116.1493364,32.0605555
金寨站,115.9816847,31.63232081
舒城站,117.166199,31.51509201
六安站,116.5066848,31.72110826
明光站,118.001697,32.78223533
南陵站,118.3043585,30.84219461
桐城站,116.9847225,31.05618787
铜陵站,117.8683764,30.92524641
铜陵北站,118.0277985,31.018942
芜湖站,118.4030414,31.35449817
无为站,117.9747811,31.31041889
黄口站,116.7041818,34.36573042
砀山站,116.3366804,34.4230935
灵璧站,117.5480439,33.60467273
泗县站,117.8568281,33.54388129
宿州东站,117.2569305,33.68151649
宿州站,117.0013732,33.64411034
宣城站,118.7802673,30.95275599
绩溪县站,118.590503,30.061516
泾县站,118.3932814,30.66547051
旌德站,118.5367766,30.29724791
宁国站,118.9986781,30.64052984
夏邑县站,116.0368432,34.4164944
虞城县站,115.8708768,34.41284552
黄梅站,115.9490327,30.09989159
江山站,118.6503132,28.77755816
戚墅堰站,120.0740249,31.72934412
常州站,119.9796455,31.79153653
常州站,119.9796455,31.79153653
常州北站,119.961816,31.86044254
丹阳站,119.5997443,32.00802477
丹阳北站,119.6772422,32.02123439
丹阳站,119.5997443,32.00802477
东台站,120.3505138,32.88041388
阜宁站,119.6233862,33.60086702
淮安站,119.0397358,33.65444828
句容西站,118.9859373,31.8386161
昆山南站,120.9573221,31.35855928
花桥站,121.0524505,31.34148481
昆山站,120.9645536,31.37210528
阳澄湖站,120.8684208,31.38587226
瓦屋山站,119.2804563,31.56449254
溧阳站,119.5095897,31.39222912
东海县站,118.7747584,34.5228633
连云港站,119.1700137,34.61480282
马鞍山站,118.5086646,31.71353264
江宁站,118.9055168,31.94203185
溧水站,119.1031247,31.68542199
仙林站,118.9192452,32.12822158
南京站,118.8047545,32.09280914
南京南站,118.8045165,31.97440034
南通站,120.8667999,32.07393273
海安县站,120.5110886,32.55395269
栟茶站,120.8875419,32.50420477
如东站,121.1834425,32.45048711
邳州站,117.9649093,34.32340006
如皋站,120.6127747,32.38890482
沭阳站,118.7707137,34.11742127
苏州园区站,120.7173315,31.34699017
苏州站,120.6173271,31.3355563
苏州新区站,120.5312473,31.37788505
苏州北站,120.6497155,31.42751256
泰州站,119.986868,32.53532427
姜堰站,120.1262521,32.54060336
无锡站,120.3119345,31.59333997
惠山站,120.2079801,31.67592473
无锡东站,120.466611,31.60300521
无锡新区站,120.3986199,31.50419292
新沂站,118.3551849,34.38694472
泗洪站,118.2255288,33.61317375
泗阳站,118.7205756,33.7605619
洋河站,118.3748184,33.79587511
徐州东站,117.3097118,34.27266147
徐州站,117.2139913,34.27110015
盐城站,120.1804398,33.38881313
建湖站,119.8047532,33.51146347
江都站,119.5842359,32.4645838
扬州站,119.3576869,32.39546206
宜兴站,119.8197261,31.31821939
镇江南站,119.4307028,32.15837479
丹徒站,119.5274937,32.1215865
宝华山站,119.062148,32.15449914
镇江站,119.4392309,32.20318576
镇江站,119.4392309,32.20318576
金华站,119.6421755,29.11637957
兰溪站,119.4863861,29.21937233
衢州站,118.8877854,28.92894084
龙游站,119.1730395,29.00931391
海湾站,121.5546058,30.867964
安亭北站,121.1645106,31.32022485
南翔北站,121.3159353,31.28726817
金山北站,121.0960515,30.90003523
上海虹桥站,121.3270978,31.19997528
芦潮港站,121.857408,30.89153921
上海西站,121.4098909,31.26804
松江站,121.2345352,31.0056104
新桥站,121.3219806,31.06480838
松江南站,121.2377033,30.99076743
上海南站,121.4359887,31.15901797
上海站,121.4621369,31.25561813
奉化站,121.4709957,29.63440103
海宁站,120.6917826,30.53940423
海宁西站,120.3983366,30.44515141
杭州东站,120.2193726,30.29735829
杭州站,120.1894672,30.24987743
余杭站,120.3026504,30.38674319
德清站,120.0673362,30.55104095
德清西站,119.9645873,30.54178439
湖州站,120.0295292,30.86973255
长兴南站,119.910501,30.99690463
嘉善南站,120.9422925,30.79370167
嘉善站,120.9249603,30.8555467
嘉兴站,120.769818,30.76998857
嘉兴南站,120.8063799,30.69664801
金华南站,119.7406884,29.1235331
缙云站,120.1016887,28.66740131
乐清站,120.8659749,28.09000079
丽水站,119.9603831,28.44780736
临海站,121.252618,28.88615041
宁波站,121.5428536,29.86758477
庄桥站,121.5420568,29.92953281
宁波东站,121.5898826,29.85619466
宁海站,121.4263975,29.34249657
上虞站,120.8633547,30.00708767
上虞北站,120.8595288,30.05884632
绍兴站,120.5866283,30.01994214
绍兴北站,120.5451386,30.1056859
台州站,121.2966677,28.69159806
三门县站,121.3698303,29.06123834
桐乡站,120.5739079,30.54274447
温岭站,121.3317083,28.48479473
绅坊站,120.9981931,28.20256814
苍南站,120.4180294,27.53411378
雁荡山站,121.15867,28.34715909
温州南站,120.5915271,27.9719922
鳌江站,120.5515578,27.63180149
瑞安站,120.5875624,27.77267036
温州站,120.6915818,27.98592789
永嘉站,120.7012168,28.0753952
武义站,119.8374249,28.91482517
永康站,120.0276708,28.91571805
余姚北站,121.1748863,30.10432244
余姚站,121.1674835,30.0602887
长兴站,119.9804597,31.04817335
青田站,120.2865373,28.14310929
诸暨站,120.1915408,29.73359558
汤头沟,117.7279319,41.45119941
沙坨子,115.2629976,39.61976235
张三营,117.7633409,41.5902901
朝阳地,118.2219247,42.02747925
四合永,117.840438,41.81407382
腰栈,117.8804846,41.86251625
河洛营,117.7359454,41.39734865
东大坝,117.8253174,41.66507886
杨树岭,118.891248,41.00245075
山海关,119.7738814,40.00667542
纪家沟,118.1398869,41.93601078
黄家店,118.203338,41.97957179
庙宫,117.8715007,41.72353253
广德号,117.9454113,41.88433879
银镇,118.0555517,41.91242299
太阳升,124.5936968,45.94477321
劳动屯,124.5484736,45.87747465
鹿道,129.2962316,43.88238612
街基,123.3840114,46.30710775
杜家,127.205024,44.82481469
山河屯,127.2173131,44.70279592
新肇,124.4194258,45.71684042
白河,128.1388188,42.45972128
亮兵台,128.7854348,43.19685003
南沟,128.6793362,43.24757726
采石场,128.2080028,46.92087259
安图,128.9149001,43.12082027
茶条沟,129.0246603,43.04568594
乐园,128.9585601,43.07865805
榆树川,129.0916128,42.99018586
松江镇,128.3451079,42.57770882
荒沟西,128.3783679,42.56084077
白城,122.8696994,45.62267449
到保,123.1779892,45.60411588
平台,122.6658314,45.72492894
开通,123.0838005,44.81104187
镇赉,123.2019961,45.86342588
白山市,126.4638213,41.95936047
老营,126.3606438,41.88602305
松江河,127.4902414,42.18389108
仙人桥,127.2466169,42.18190739
大东,126.7821779,42.08459775
遥林,126.6626796,41.92400834
松树镇,127.1218831,42.06102773
大安北,124.2458121,45.52313001
安广,123.7851237,45.58173687
海坨子,124.0512397,45.27744945
大安,124.2704915,45.50152627
来福,123.5672793,45.57216939
两家,123.9530542,45.53417613
建设,124.1875111,45.45893933
中德,125.7792297,44.62346642
布海,125.6354975,44.38889097
丁家园,125.8303823,44.75033864
姚家,125.8864571,44.78501704
达家沟,125.8283229,44.66482305
米沙子,125.4842547,44.15380117
沃皮,125.5384726,44.23532533
德惠,125.7235504,44.53948357
德惠西,125.6839496,44.55205635
大兴镇,125.3890839,42.74739808
东丰,125.5510171,42.6605738
白泉,125.0082092,42.93182833
平岗,124.8775608,42.97979849
渭津,125.288707,42.79938351
大桥,113.1455314,24.99930595
哈尔巴岭,128.6411625,43.27374227
大石头,128.508455,43.3122073
敦化,128.2526349,43.38630637
黄泥河,128.0238518,43.56218151
秋梨沟,128.1573406,43.49987788
太平岭,128.2129632,43.42443648
陶赖昭,125.945528,44.83323919
扶余,126.0318553,44.99369891
团山,125.9731869,44.91427503
黄泥崴子,127.2732357,42.21072311
砬子河,127.7057791,42.51906565
火炬沟,128.0327283,42.50107738
露水河,127.8214366,42.52003437
影壁山,127.6341226,42.45089658
板石河,127.5479574,42.28546866
北岗,127.5906616,42.41316045
柳毛沟,127.5536031,42.21359356
小山,127.4249918,42.21761836
氡泉,127.1826622,42.13383819
二岔,127.9305553,42.50281443
范家屯,125.081917,43.71863032
公主岭南,124.8222814,43.47921808
公主岭,124.8186181,43.5145823
陶家屯,124.9955246,43.65099407
八家子,129.1466737,42.67378323
十里坪,128.9006475,42.45533391
枕头峰,128.6003371,42.49284936
和龙,129.0020192,42.56137915
朝阳镇,126.0341577,42.69034861
光辉,126.1920019,42.71873955
辉南,126.0273807,42.68822108
杉松岗,126.2236908,42.50974229
团林,126.1216894,42.71798701
孤店子,126.3695089,43.98801141
桦皮厂,126.2383333,44.00301781
吉林,126.5836551,43.8645571
前窑,126.6285027,44.2011354
蛟河,127.3579239,43.7314438
大口钦,126.5873385,44.16927478
丰广,126.7212359,44.25688114
江密峰,126.7517209,43.96438639
棋盘,126.5636182,43.97432488
亚复,126.5443797,44.07232421
双安屯,126.3480227,41.3851256
西阳岔,126.2960192,41.28670179
集安,126.2177982,41.14827567
林子头,126.6057313,41.95635651
青沟子,128.3539257,43.80263414
二道河,126.9046205,48.68620327
白石山,127.5670287,43.58798092
黄松甸,127.7346482,43.64829103
天岗,126.9619634,43.91004167
六道河,127.0851298,43.94033429
老爷岭,127.1957002,43.9328724
小姑家,127.2667449,43.89482969
龙嘉,125.7065425,43.99909671
九台,125.8435568,44.15616878
土们岭,126.0558676,44.11149821
九台南,125.818049,44.02870795
营城,125.9242221,44.14619244
郭家店,124.5844504,43.34797874
石岭,124.7096938,43.096772
哈福,124.5369974,43.09908446
辽源,125.1356338,42.91067052
大栗子,126.8299802,41.74301367
花山,126.8717085,41.88786371
三队,126.7986572,41.92469145
松岭,126.7586631,41.89875059
葆园,129.1242228,42.92236109
铜佛寺,129.2450435,42.88364468
龙井,129.4209387,42.90928511
海龙,125.8486998,42.66140868
黑山头,125.5714514,42.44315747
宝山,125.640057,42.49136388
龙山,117.9711032,40.15135806
山城镇,125.4397604,42.38467503
梅河口,125.6914949,42.54102
哈拉海,125.1019841,44.68571074
柴岗,125.1316719,44.56578529
小合隆,125.2690793,44.03907896
华家,125.1465528,44.29573381
开安,125.2059277,44.16963672
农安,125.330733,43.91760214
明城,126.0225339,43.20047507
七间房,126.0174382,43.14253015
石家,126.1433603,42.86692117
永宁,126.0406343,43.0500952
烟筒山,126.0372263,43.29295648
磐石,126.0751667,42.93445403
七家子,124.9600307,45.03769631
通途,124.6591122,45.2015691
二营子,125.035946,44.80087429
长山屯,124.4759691,45.32048405
工农湖,123.6325279,44.86335217
东富,126.9009517,44.37244216
吉舒,126.8090356,44.29383315
平安,127.1808562,44.59831326
舒兰,126.9607403,44.41343508
茂林,123.421268,43.97424109
郑家屯,123.5234061,43.51163012
泉沟,124.2711328,43.18874556
四平,124.3795566,43.17424352
四平东,124.4451683,43.14371293
扶余北,126.0094838,45.01480827
蔡家沟,126.1434612,45.12525433
塔虎城,124.3572203,45.39797423
王府,125.0141037,44.87967853
官字井,123.8089434,45.01108691
乾安,123.8862469,45.10555221
松原,124.8233361,45.11518821
巨宝,123.4871034,44.72203005
太平川,123.1919909,44.40525204
洮南,122.8156877,45.3461463
黑水,122.8305755,45.21965876
通化,125.9865807,41.75955854
东通化,126.0506196,41.77729261
郑家堡,125.846639,42.24976888
通沟,125.7260596,41.9581259
三源浦,125.7663084,42.0620186
驼腰岭,125.9094381,42.18792553
五道沟,125.8824002,42.14331854
柳河,125.7713625,42.29575548
石湖,126.2969351,41.5183111
二密河,125.836591,41.79531128
干沟,125.7288852,41.86807985
万隆,126.226675,41.66400176
通化县,125.8276442,41.68546814
老岭,126.3063406,41.41751634
图们,129.8478038,42.97197152
石岘,129.7891938,43.08485885
曲水,129.8023101,42.99920894
河南,120.8674419,42.07492653
磨盘山,129.6215477,42.94359464
水礼,129.7424586,43.01815034
苇子沟,129.6836708,43.03752286
春阳,129.4504882,43.72085246
大兴沟,129.6692986,43.41866467
庙岭,129.6721927,43.50884352
天桥岭,129.6396567,43.59292993
汪清,129.7470692,43.33909058
朝阳川,129.455413,42.89567016
溪洞,129.6030172,42.91679005
延吉,129.5034439,42.89294827
口前,126.5034846,43.67233819
双河镇,126.1892916,43.47416583
刘家店,126.3154432,44.80928722
榆树,126.5415751,44.82303836
五棵树,126.1674541,44.80783685
谢家镇,126.8194288,44.57432942
新立镇,126.7343104,44.69913008
大屯,125.1712396,43.78625221
长春南,125.2663303,43.85680177
长春东,125.3715386,43.90157827
龙家堡,125.6560837,44.07342034
兴隆山,125.4753939,43.96235077
卡伦,125.5625528,44.02886139
长春西,125.2065635,43.88331342
长春,125.330733,43.91760214
庆丰,123.3689406,44.61279644
左家,126.092403,44.07662129
一间堡,125.3657239,44.00798085
鞍山,122.9927905,41.11806998
灵山,123.0552865,41.19983894
鞍山西,122.921946,41.12379456
台安,122.4373937,41.45202684
能家,120.6904693,41.62712484
北票南,120.8248473,41.70785864
上园,120.98726,41.61922049
高山子,122.0762138,41.55468385
沟帮子,121.7813351,41.36816827
青堆子,121.91853,41.45644447
祁家堡,123.8229256,40.93447225
连山关,123.7673316,40.97078956
田师府,124.3466194,41.2477297
泉水,124.2280994,41.26398313
温泉寺,124.0642265,41.34491926
松树台,124.0523292,41.38486186
小市,124.1299141,41.31741298
草河口,123.9175878,40.88511706
偏岭,123.9846499,41.39460962
五女山,125.3340992,41.2842683
古城子,125.4591319,41.46913054
桓龙湖,125.4306936,41.26020867
大雅河,125.0537416,41.15390552
牛心台,123.9101803,41.35899569
南芬,123.7558605,41.10900523
金坑,123.7475814,41.14023485
下马塘,123.7422751,41.03799334
北台,123.6445933,41.23688617
桥头,123.7364742,41.19932752
桥北,123.8270625,41.34601319
本溪,123.7740303,41.33369759
高家岁,123.7461466,41.41000926
石桥子,123.7302094,41.45771514
火连寨,123.7408014,41.36484037
本溪湖,123.7680088,41.33129218
歪头山,123.6576688,41.50267335
八面城,124.0677642,43.21536734
昌图西,124.0737496,42.78404785
曲家店,123.9403823,43.23316503
三江口,123.7269135,43.37716961
石脑,119.5561628,41.45875648
小平房,119.742692,41.39119035
叶柏寿,119.6493613,41.39857483
公营子,119.857598,41.36369274
大营子,120.3256073,41.46858211
大平房,120.1763289,41.44287634
朝阳,120.4483836,41.58503778
革镇堡,121.5431854,39.01514423
夏家河,121.4953226,39.02926901
大连北,121.6138656,39.02285489
南关岭,121.5879878,39.01250553
营城子,121.3822695,38.98649665
周水子,121.5672386,38.96154186
登沙河,122.062694,39.22646491
广宁寺,121.8151629,39.19422327
牛角山,121.7875525,39.20297364
亮甲店,121.9428413,39.21855021
蚕厂屯,121.891504,39.19833671
三十里堡,121.8042086,39.27254397
杏树屯,122.1595746,39.27265469
金州,121.7338442,39.09423201
龙头,121.3116311,38.87598406
长岭子,121.323272,38.94284682
刘家村,121.3135728,38.91060333
大刘家,122.1919842,39.32944378
普湾,121.8196167,39.33650118
沙河口,121.5937434,38.93140747
大连,121.639161,38.92851844
大石桥,122.5124267,40.65144392
灌水,124.5723069,40.86794101
长甸,124.8181872,40.48751166
坦甸,124.8070624,40.62889748
永甸,124.8494319,40.56421029
汤山城,124.2156937,40.31794539
老古沟,124.3407158,40.23611212
蛤蟆塘,124.3854743,40.17970657
金山湾,124.3645923,40.21243901
五龙背,124.2818029,40.26595248
丹东,124.3945562,40.13060834
灯塔,123.3243423,41.43604935
张台子,123.2792033,41.35946581
一面山,124.1039399,40.35511632
汤河,124.1616178,40.32531249
官家,124.1836625,40.48204549
赵家,126.942386,47.53859622
大堡,124.2572824,40.55912876
凤凰城,124.0634178,40.45521751
张家堡,124.0414123,40.40041653
鸡冠山,123.9309179,40.52539419
四台子,123.9909019,40.48897604
袁家堡,123.945149,40.50092839
刘家河,123.9930827,40.67810296
秋木庄,123.9501257,40.63871334
石城,124.4477228,40.2938452
边沟,124.3855297,40.73169434
庙阳,124.4624784,40.80490041
天桥,124.5141606,40.82094596
铁佛寺,124.3540031,40.69533231
佟家,124.4252035,40.76005146
林家台,123.9586126,40.72399351
通远堡,123.9334242,40.79356646
章党,124.0838964,41.914239
李石寨,123.7338275,41.82352654
南口前,124.6200882,42.00583823
黑石木,124.6856692,42.03650772
清原,124.9429914,42.10996535
抚顺北,123.9243187,41.89462329
瓢儿屯,123.8090666,41.85543358
南杂木,124.4138502,41.97182772
大官屯,123.8770895,41.86336542
抚顺,123.9083516,41.8696014
营东,124.2922771,41.95166596
阿金,121.7613333,42.04987892
阜新,121.6443036,41.99352579
清河门,121.4266593,41.78285908
新邱,121.8052733,42.1017013
彰武,122.5352365,42.39314852
章古台,122.4929896,42.71229769
大巴,122.0095576,42.10841567
泡子,122.3349056,42.2136382
十家子,122.2674146,42.1084446
盖州西,122.2803857,40.41055097
盖州,122.3401012,40.42539496
威宁,123.8262744,41.35295535
新岭,123.7783515,41.40446122
海城西,122.6663846,40.92034618
拉拉屯,122.3712738,41.03892631
南台,122.8145574,40.92798477
牛庄,122.5249793,40.9404192
西柳,122.6296643,40.85021113
海城,122.7489532,40.86893582
唐家,122.2557402,41.68500273
大虎山,122.1550535,41.62017014
南桥,119.942748,40.71963521
建昌,119.8284085,40.81253048
钟杖子,119.8556626,40.7725147
杨家店,120.007025,40.70102604
高桥镇,121.0122808,40.90387171
葫芦岛北,120.7701269,40.7489857
营北,120.8836974,40.79043633
柳树屯,120.8073229,40.76983194
孔家沟,120.5164905,40.7994964
台集屯,120.8866516,41.05740256
葫芦岛,120.874712,40.75982379
大荒地,120.8513755,41.07467486
黄甲屯,120.75415,41.10379665
南票,120.7380991,41.1249422
绥中北,120.330914,40.35437741
高岭,120.0195395,40.15195394
万家屯,119.8697722,40.04711739
塔山,120.9374461,40.82498808
杨树湾,120.0731404,40.70081426
四家子,120.109187,40.73097726
鸽子洞,120.2073624,40.79296756
红石,119.5487902,41.33879336
沙海,119.4736868,41.50338307
南洼,118.7794751,42.24638388
西刘,122.2162402,41.65853548
段家,122.0983308,41.58546329
励家,122.3618604,41.74354444
广盛,122.306901,41.71535065
绕阳河,122.4712913,41.80158872
小东,122.3353747,42.03795904
新立屯,122.1830416,42.02662504
锦州,121.1475405,41.12995798
锦州南,121.1323628,41.02243317
薛家,121.1953032,41.17627702
女儿河,121.0504458,41.07301715
何三家,120.9771871,41.05994229
八角台,121.2512248,41.29174005
桃园,121.0967004,41.11259809
七里河,121.2633886,41.34521521
周家屯,121.0916672,41.58219995
义县,121.2361322,41.53308938
泥河子,121.2355924,41.45916333
南汤,119.7562984,40.87848829
宣家沟,119.5591086,40.92026678
金杖子,119.5115081,40.89143728
开原西,123.9260226,42.55578594
开原,124.0387757,42.55269991
雅河,125.3488116,41.23432026
天桥沟,124.7404555,41.0014269
龙爪沟,124.6551971,40.82524589
宽甸,124.7880704,40.72532061
安平,123.4311016,41.19388893
寒岭,123.5653126,41.18728698
新寒岭,123.5286632,41.17647312
太子河,123.2376253,41.30990064
辽阳,123.1751501,41.28761895
红旗,120.3500406,47.57808235
道口,121.7080846,41.3272916
金城,121.4080704,41.19927212
兰家,121.3245612,41.15325677
石山,121.5341855,41.23546262
双羊店,121.275041,41.11661995
凌海,121.3698554,41.18708508
刀尔登,119.1293,40.75496941
北磴,119.2204454,40.73916267
任家店,119.3923005,40.81585012
凌源东,119.4215852,41.26914543
凌源,119.3905165,41.24144347
侯杖子,119.2032634,41.14766956
河汤沟,119.476998,41.29418013
魏杖子,119.0716175,40.98225343
东沟门,119.086416,40.92783026
东营子,119.1035628,40.87620296
田家沟,119.4458255,40.8608294
四道沟,119.0950214,41.08616676
三十家,119.0616951,41.01986448
水泉,119.171196,41.11890653
杨杖子,119.1420695,40.72531435
新开,122.2863733,41.07722949
盘锦北,121.8138985,41.34232744
羊圈子,121.6388314,41.28673913
盘锦,122.0676512,41.20401284
渤海,122.1024616,41.15541984
城子坦,122.4994946,39.51316666
夹心子,122.4113394,39.4646172
皮口,122.3634795,39.41364884
李家屯,122.2923384,39.3961641
清水河,122.2550474,39.35168922
普兰店,121.9665692,39.40784281
草市,125.2428924,42.30300017
苍石,124.5274122,41.99363547
英额门,125.0812424,42.17602628
长山堡,125.0000024,42.14096532
孤家子,123.4950375,41.74074607
深井子,123.658886,41.79236122
东湖,120.609279,30.01748695
沈阳,123.3998531,41.80100261
大成,123.3575073,41.8338708
辽中,122.7781585,41.56478504
虎石台,123.5088136,41.94883876
沈阳北,123.4424124,41.82534092
陈相屯,123.5378079,41.57064934
苏家屯,123.3615595,41.66837261
林盛堡,123.3698868,41.58509428
苏北,123.369036,41.68933691
吴家屯,123.4517201,41.63176577
姚千户屯,123.6252425,41.53833285
沈阳西,123.292336,41.8746031
三台,123.1616602,41.95463744
兰家屯,123.267293,41.89277923
马三家,123.2441525,41.90442226
江家岭,120.3279329,40.2890502
网户,120.1946488,40.19991477
绥中,120.3594586,40.3283553
昌图,124.1236877,42.78542948
得胜台,123.7583334,42.24117853
铁岭西,123.6800467,42.23871545
铁岭,123.8433662,42.2997963
瓦房店,122.0140979,39.63200289
瓦房店西,121.8442368,39.66330597
松树,122.104334,39.83254832
许家屯,122.0875425,40.04687613
天德泉,124.7515924,43.07465123
西丰,124.7138195,42.74008573
大红旗,122.6200722,41.87986983
罗家,122.7920214,42.05096955
兴隆店,123.0634227,41.98674952
新民,122.8247503,42.00746398
大甸,120.6591731,40.58915069
东辛庄,120.4599492,40.36679143
串子沟,120.434585,40.73448054
郭家屯,120.5399513,40.74433609
刘屯,120.4841436,40.74687477
兴城,120.7084898,40.62916249
沙后所,120.5609816,40.48340016
大徐屯,120.3314861,40.73419477
鲅鱼圈,122.1007378,40.19428663
熊岳城,122.1541531,40.18766879
营口东,122.4348715,40.63060583
老边,122.3758829,40.67915145
营口,122.2714143,40.69206384
四道湾,119.6466758,42.48960194
白狼,120.1079401,47.05575886
五叉沟,120.3258085,46.77647025
北兴安,120.0430407,47.11901334
南兴安,120.1031252,47.14520516
伊尔施,119.8455752,47.29586218
莲花山,119.7421621,42.58529844
孤山子,119.3068045,41.64951768
敖汉,120.0076403,42.64563699
新窝铺,120.4063184,42.71996133
小河沿,119.5550672,42.40461977
三义井,120.2576267,42.70713967
羊场,120.0076403,42.64563699
三把火,118.6849,42.30231137
曹家营子,109.8565791,40.6309082
赤峰东,119.0466695,42.28957229
东南营子,119.1447183,42.30591553
赤峰,118.9662055,42.26257881
平庄南,119.2632473,41.9868259
乃林,119.2860851,41.91827455
五十家子,118.1710096,42.09828419
赤峰西,118.9089468,42.28176958
天义,119.3443831,41.60107005
二龙,119.2833766,41.70435622
汐子,119.2744702,41.79800965
安庆沟,119.3412288,42.40896887
老府,118.2793504,42.19655988
杨家营,118.2546984,42.14829767
中台子,118.3697285,42.21880514
北台子,118.8355334,42.2958804
红花沟,118.6412242,42.25070374
牛家营子,118.4572942,42.22428908
水地,119.1708106,42.3581053
风水沟,119.4185656,42.35118339
山湾子,119.4490378,42.3594733
热水,117.7029596,43.48390272
平庄,119.3122863,42.04681999
马林,119.1913946,42.28030486
元宝山,119.2486449,42.24034406
霍林郭勒,119.6757894,45.54022019
扎鲁特,121.2456179,44.65691855
布敦化,121.4546093,44.97757539
毛告吐,121.584341,44.31860134
舍伯吐,121.9693726,44.02935501
大罕,122.9587594,43.69995577
大林,122.8147116,43.72211954
奈曼,120.6829675,42.84706601
昆都庙,122.1918242,43.68411347
高林屯,122.5578169,43.87654189
珠斯花,119.6843064,45.57019552
乌斯土,122.6982903,43.72212873
东来,121.6484844,43.39609798
通辽北,122.2033928,43.62345761
通辽,122.2775491,43.61141876
余粮堡,121.975185,43.44644869
西六方,122.0877988,43.49297069
大青沟,122.1941085,42.83105173
甘旗卡,122.3623056,42.96478662
金宝屯,123.5839929,43.38897205
宝龙山,122.7469775,44.03648666
保康,123.3333981,44.13395232
敖力布告,123.0304519,44.24928765
门达,123.1196113,43.6566012
库伦,121.8175727,42.72981135
三家子,121.9366317,42.7700185
欧里,123.2409871,43.60009869
木里图,122.2232282,43.47850209
昂乃,120.766673,42.99529323
八仙筒,121.0695391,43.20774937
黄花筒,120.9655171,43.15392418
白音他拉,120.8399461,43.07888907
舍力虎,120.6621998,42.75124646
东明村,121.2349974,43.27892359
敖来,121.1866778,43.2632073
嘎什甸子,121.364069,43.31722492
四合,120.5353437,42.72649306
治安,121.5157052,43.35627744
钱家店,122.5237252,43.72058782
双泡子,122.175406,43.72401072
太平庄,121.8701305,43.42642909
瓦房,121.7493846,43.41570314
云端,119.8403837,45.56908568
阿尔山,119.9546128,47.17853242
西口,120.7018881,46.71319518
牛汾台,120.2542611,46.87990938
葛根庙,122.3116884,45.90198231
白海,121.0611642,46.6668508
白音胡硕,121.4485212,45.02198658
大石寨,121.3970049,46.32400299
德伯斯,121.3766047,46.50430625
归流河,121.7389093,46.20647996
哈拉黑,121.5317138,46.22138898
索伦,121.2488352,46.6086881
西哲里木,120.609104,45.55803014
杜尔基,121.2057661,45.24551313
哈日努拉,120.0694498,45.62812062
吐列毛杜,120.8944877,45.54335999
宁家,122.1748048,45.99148761
卫东,122.2464423,45.93596563
湖南,121.9234902,46.16923976
乌兰浩特,122.069636,46.07740311
四分地,118.5633683,42.23296227
新城子,123.5146063,42.05746401
大同,113.3096957,40.12605689
周士庄,113.4727653,40.12209479
平型关,113.9548761,39.33787334
灵丘,114.2290145,39.46815504
平旺,113.2251952,40.07458077
大同东,113.3699716,40.11979324
永嘉堡,114.2281128,40.53525938
下社,113.1849138,39.15556474
代县,112.9909152,39.08266999
河边,113.1121626,38.61154918
定襄,112.9670092,38.48474184
大营,113.7393167,39.29256656
五台山,113.5729232,39.27120463
繁峙,113.2806483,39.17126658
汾阳,111.9235317,37.379122
古东,112.2435216,37.93323007
古交,112.171128,37.92381011
镇城底,112.0755708,37.96520926
河津,110.732239,35.59358729
洪洞,111.6782187,36.26809164
洪洞西,111.5877277,36.25993874
赵城,111.705648,36.38747356
侯马西,111.2947464,35.6076726
侯马,111.3649876,35.61896375
霍州,111.7252507,36.59179445
霍州东,111.8437889,36.57058223
稷山,111.0017087,35.61790719
祁县东,112.3633984,37.33025703
晋中,112.6489798,37.69207396
榆次,112.7376763,37.70283441
临汾,111.5437259,36.09309013
临汾西,111.472325,36.10730844
灵石东,111.9207829,36.88614216
交城,112.2022992,37.5262593
吕梁,111.144437,37.57407344
柳林南,110.9383062,37.44958507
文水,112.0840634,37.44590067
平遥古城,112.1566438,37.16186063
沁县,112.7118545,36.76460766
风陵渡,110.3169825,34.63790298
寿阳,113.1967939,37.88839081
芦家庄,113.0601851,37.7419064
怀仁,113.1015081,39.83358653
金沙滩,112.919997,39.67925534
怀仁东,113.170121,39.79873586
岱岳,112.8329752,39.52356885
山阴,112.947125,39.47216291
神头,112.5634023,39.37317341
朔州,112.4549023,39.3221488
应县,113.0701306,39.63121931
太谷西,112.5159918,37.45430368
太原北,112.5725481,37.92390095
汾河,112.5429434,37.95311443
太原东,112.592419,37.89100454
太原,112.594152,37.86640734
清徐,112.3201501,37.56358244
北白,112.6613394,38.19414303
阳曲,112.6883714,38.06378648
东镇,111.3187846,35.43289475
闻喜西,111.1862082,35.342419
闻喜,111.2234817,35.36191329
襄汾,111.4486578,35.88601578
襄汾西,111.3439037,35.84418586
太原南,112.6170418,37.79764834
白壁关,111.7345493,37.15572742
阳泉曲,113.5933599,37.86847234
北义井,112.8408512,38.46375365
蒋村,113.0343585,38.53878132
秦家庄,111.6650393,38.81804145
安塘,111.7206913,38.82777491
岢岚,111.587351,38.72476112
神池,112.2055082,39.08932285
宁武,112.3255619,39.01241013
阳方口,112.3389907,39.10182103
五寨,111.8405535,38.92328366
播明,112.7497592,38.50164373
豆罗,112.7079402,38.30962281
平社,112.6013316,38.28079023
忻州,112.753136,38.42546064
新绛,111.2175085,35.61611231
高村,112.7055815,38.18067284
永济,110.4603821,34.87563995
永济北,110.4311498,35.03371363
榆社,112.9761894,37.05751483
轩岗,112.4376133,38.90032929
原平,112.7347215,38.72546869
运城,110.9974318,35.03176109
运城北,110.9905591,35.10469381
武乡,112.8599111,36.86144828
红柳河,94.73339988,41.53934066
柳园,95.51217281,41.11235854
柳园南,95.47904089,41.1085511
福海,87.46964259,47.12704372
北屯市,87.82339638,47.33947258
阿拉山口,82.57963115,45.17698949
博乐,82.65717589,44.93798437
精河南,82.92728915,44.61179128
精河,83.03174235,44.64190666
奎屯,84.90724089,44.40972337
玛纳斯,86.20924294,44.26140237
和什托洛盖,86.28038931,46.41312912
沙湾县,85.61499527,44.32854629
石河子,86.06959916,44.27598178
阿克苏,80.31344098,41.15119162
金银川,79.84625925,40.71441873
柯坪,79.00132603,40.46243149
库车,83.02318569,41.70064784
新和,82.63377212,41.58636672
和硕,87.3887107,42.24094221
库尔勒,86.14854671,41.78950923
马兰,87.3887107,42.24094221
焉耆,86.55317894,42.08193338
哈密,93.51249557,42.8555341
了墩,92.23214894,43.15599515
柳树泉,92.85614054,43.05839798
山口,94.1323881,42.13897289
和田,79.91343764,37.16424063
墨玉,79.73915825,37.22878792
皮山,78.2917774,37.57283117
巴楚,78.55629832,39.84159687
喀什,76.05582813,39.49881439
莎车,77.23818574,38.38075027
疏勒,76.00101576,39.38845787
叶城,77.4800348,37.89806121
英吉沙,76.17032945,38.97370093
泽普,77.31487589,38.18432225
克拉玛依,84.90176868,45.53408468
阿克陶,75.98159146,39.17291865
阿图什,76.22871184,39.72599351
七泉湖,89.47526776,43.13761817
吐哈,90.53822707,43.06619526
鄯善,90.49036754,43.10349526
吐鲁番北,89.11776059,43.02810909
吐鲁番,88.88184959,43.15744661
鱼儿沟,87.8950415,42.84255345
乌鲁木齐,87.58966482,43.78527752
乌鲁木齐南,87.59265781,43.78641125
乌西,87.42796824,43.87579475
霍尔果斯,80.46029743,44.16150616
五五,84.82478101,44.86516829
尼勒克,82.05555149,43.97297171
伊宁东,81.50966716,43.96167639
布列开,81.80154812,43.90567453
伊宁,81.50966716,43.96167639
潢川,115.1088923,32.11766107
漯河西,113.9696892,33.5792837
漯河,114.0489329,33.57722641
平顶山,113.3107085,33.7251733
商城,115.4491042,31.95958687
沈丘,115.0936727,33.36716352
项城,114.8959657,33.42027384
新县,114.8947894,31.64817756
固始,115.6760359,31.92132937
淮滨,115.418701,32.50685541
罗山,114.5568826,32.17204854
信阳,114.088659,32.13525607
明港东,114.0713517,32.49369029
息县,114.8391905,32.17869436
信阳东,114.1667065,32.15062855
周口,114.6720982,33.5849763
确山,114.042668,32.80801955
遂平,114.0417566,33.15054785
西平,114.0450152,33.38393705
驻马店,114.0500847,32.98538832
驻马店西,113.9864293,33.006775
安陆,113.7015242,31.26275784
赤壁北,113.9068364,29.74237765
赤壁,113.9361884,29.72823105
黄石,114.9472986,30.15954842
大冶北,115.0068991,30.12666306
武当山,110.9729679,32.54410044
当阳,111.8183533,30.85297678
花湖,115.0289488,30.26674493
鄂州,114.8732109,30.36816598
葛店南,114.6663747,30.49609936
鄂州东,114.9546433,30.36711937
建始,109.7347093,30.57362869
恩施,109.4921714,30.35431153
巴东,110.3642636,30.66899969
红安西,114.6384154,31.01001989
华容,114.7290857,30.53064448
华容东,114.793097,30.53769404
华容南,114.7811963,30.45250545
黄州,115.0111486,30.59098052
黄冈,114.9498774,30.49167052
黄冈东,114.9919362,30.51318628
黄冈西,114.8946215,30.50939434
黄石北,115.0147252,30.21713291
阳新,115.1868952,29.8657817
京山,113.14287,31.04142426
荆门,112.2183318,31.05732191
荆州,112.2194673,30.37603807
利川,108.9468991,30.28494289
麻城,114.9704589,31.15192827
麻城北,114.9977321,31.19836824
蕲春,115.4521969,30.24783054
潜江,112.9457536,30.39527973
十堰,110.788215,32.60935165
松滋,111.6141441,30.17880278
随州,113.423748,31.72768127
广水,114.043372,31.63812477
天门南,113.4630941,30.43381587
天门,113.4630941,30.43381587
庙山,114.3798212,30.41910199
普安,114.3606876,30.39297177
汤逊湖,114.3913936,30.45171199
花山南,114.519436,30.53502693
武汉,114.4308852,30.61318746
左岭,114.6163983,30.50545271
乌龙泉南,114.3515181,30.26289077
纸坊东,114.3509176,30.35993253
武昌,114.3242621,30.53460349
武穴,115.6440708,29.9751666
浠水,115.2492645,30.43878234
仙桃西,113.1467494,30.42937734
贺胜桥东,114.3773351,30.02454177
横沟桥东,114.379076,29.93968415
山坡东,114.3664148,30.09209322
土地堂东,114.3440906,30.21859532
咸宁南,114.3119549,29.84328763
咸宁,114.295273,29.8859266
咸宁东,114.3516228,29.87222131
襄阳,112.1612316,32.06431898
谷城,111.6092041,32.27127038
襄阳东,112.2329364,32.1029142
孝感北,114.2275826,31.59430976
花园,113.9893605,31.25700801
孝感,113.9356694,30.96129293
云梦,113.7451416,31.0278861
宜昌东,111.377275,30.66404385
长阳,110.8568879,30.62568727
枝江北,111.7788081,30.48287413
宜城,112.1909602,31.6362104
枝城,111.5225772,30.28354738
应城,113.5793255,30.92866185
枣阳,112.7684169,32.07629933
钟祥,112.6229801,31.18168153
咸宁北,114.3084554,29.90530648
安口窑,106.8156186,35.24041764
徽县,106.2072744,33.70624823
宏庆,106.4334107,33.85475246
两当,106.3167395,33.78075486
神峪河,106.797698,35.14255145
元龙,106.1669626,34.5366881
白河县,110.1043813,32.84025492
张家船,109.5911963,35.32721
白河东,110.1215317,32.81023385
冷水,109.8816906,32.90437311
大竹园,108.73352,32.56581838
梅子铺,108.6960735,32.77500322
石庙沟,108.9308362,32.65379008
汉阴,108.5134118,32.88318524
涧池铺,108.6010734,32.83390957
高梁铺,108.4243343,32.91883451
石泉县,108.2577662,33.0352852
池河,108.3386682,32.97766865
缯溪河,108.1570527,33.03791836
蜀河,109.6834789,32.91353556
小河镇,109.1699716,33.12319104
高滩,108.3339671,32.42047946
麻柳,108.2014267,32.30446838
紫阳,108.5635344,32.537655
虢镇,107.3651054,34.37042215
千河,107.3103559,34.39693564
凤县,106.5137085,33.91067403
秦岭,106.9176832,34.24471215
凤州,106.6680687,33.98195688
凤翔,107.2575672,34.46748086
冯家山,107.1960113,34.53021241
绛帐,107.9605568,34.27995097
宝鸡南,107.2377341,34.34035844
福临堡,107.0975004,34.39074103
娘娘庙,106.9492735,34.81088203
火烧寨,106.7901923,35.05211167
史家铺,106.7955545,34.97138241
陇县,106.8574593,34.8768829
常兴,107.8437444,34.27923367
岐山,107.6194454,34.28176198
蔡家坡,107.6044763,34.32740209
千阳,107.1224062,34.64114853
水沟,107.0261286,34.75200288
宝鸡,107.1595178,34.37853136
丹凤,110.360885,33.68642931
张桥,109.4088501,34.7781801
富县,109.3963971,36.0146375
富县东,109.4048722,36.02702869
甘泉,109.3539608,36.26440315
韩城,110.4483387,35.49005041
安康,109.0240234,32.71818211
城固,107.3293217,33.14457326
汉中,107.0367214,33.09553543
白水江,106.0891816,33.57994968
略阳,106.152658,33.33767238
乐素河,106.0565678,33.19838124
高潭子,106.05247,33.12903923
马蹄湾,106.0476863,33.47567024
徐家坪,106.059958,33.41177329
勉县,106.6986912,33.17695644
巨亭,106.0950387,33.06229499
燕子砭,105.932089,32.92348633
阳平关,106.0504478,32.97868329
茶镇,108.0614157,33.04581428
西乡,107.7664531,33.00002647
三花石,108.0843561,33.03909373
晏家坝,107.4729374,33.11865029
华山北,110.1048805,34.58698296
华山,110.1470395,34.56135567
黄陵,109.3631758,35.62400895
刘家沟,113.1390774,41.9557516
永乐店,108.9542222,34.54052064
靖边,108.7627377,37.6252461
洛川,109.3368801,35.78838096
贺家河,109.4852758,35.42215728
杜赵,109.6539585,34.9453522
集北,109.4988954,34.90430141
苏家坡,109.8258629,35.04591729
蒲城东,109.616554,34.99531536
三原,108.9542604,34.61105218
商洛,110.0248683,33.8277629
砚川,109.8543877,34.06442758
柞水,109.1535116,33.64499845
镇安,109.1759847,33.42661436
商南,110.9074946,33.53187933
钟家村,109.4820582,34.83433444
洞子崖,109.7370778,35.23337268
韦庄,109.9422884,34.97679193
大荔,109.8341847,34.9038178
合阳,110.097978,35.20160363
渭南,109.5003243,34.49087399
渭南南,110.0634312,35.2911323
渭南北,109.4881072,34.54230024
坡底村,109.830601,35.09846024
孙镇,109.7730753,34.98341461
潼关,110.2543738,34.54221352
吴堡,110.2847504,38.03857781
西安,108.9693181,34.28284366
阎良,109.2355427,34.67399599
杨陵,108.0851935,34.27434891
西安南,109.1081587,34.09866915
咸阳,108.7413744,34.34964839
武功,108.2115763,34.26444616
咸阳秦都,108.6733426,34.3370022
兴平,108.4953615,34.29515564
旬阳北,109.3115065,32.85300148
旬阳,109.3597178,32.84272516
棕溪,109.5653324,32.87710036
延安,109.4877468,36.56351411
道镇,109.3752311,36.1390784
甘泉北,109.3534903,36.28384259
子长,109.7544397,37.15895803
杨陵南,108.0593589,34.25877168
米脂,110.1795656,37.75438153
清涧县,110.0045848,37.17316147
神木,110.4943728,38.86698471
西沟,97.97588805,39.6754095
绥德,110.269693,37.55494693
榆林,109.7265874,38.2799213
巴山,108.1250101,32.2631723
子洲,109.9595509,37.61764228
毛坝关,108.2576726,32.34840388
蒲家,107.5142796,31.39328211
石柱槽,107.605297,31.46060381
朝天,105.9295751,32.79116834
大滩,105.9361265,32.79706822
花楼坝,107.8654851,31.80006587
万源,108.0483292,32.08976067
青花,108.0129051,31.98656245
宣汉,107.6650031,31.54905332
毛坝,107.7514226,31.62267604
安阳东,114.4585509,36.09071308
鹤壁东,114.3065018,35.71229166
平顶山西,113.0534889,33.86071943
邓州,112.0772489,32.68938858
封丘,114.4255218,35.05090932
巩义,112.9876104,34.76602592
巩义南,112.9221924,34.67695158
安阳,114.3469905,36.11089514
鹤壁,114.2806266,35.76604654
滑县南,114.4974505,35.23220526
获嘉,113.6554851,35.26221225
狮子营,113.5534056,35.25567528
济源,112.5803559,35.11647693
盘古寺,112.5972198,35.17045589
莲东,112.6461598,35.1356281
沁河北,115.6678832,38.6200034
轵城,112.6015494,35.04592267
月山,113.0611839,35.21572542
焦作,113.2415024,35.22861387
待王,113.342716,35.24436883
后寨,112.9570577,35.20546098
开封,114.3595232,34.7772426
兰考,114.8261409,34.8210178
灵宝,110.9045621,34.51634957
灵宝西,110.6956893,34.58419206
洛阳东,112.4929375,34.70219619
留庄,112.515523,34.94005828
关林,112.5194376,34.64028879
洛阳,112.4427408,34.69176726
临颍,113.9267219,33.81291714
白合,112.5530441,34.85591151
王庄,112.5013638,34.89280359
孟津,112.606989,34.80173037
渑池,111.7924407,34.75979462
渑池南,111.780885,34.69135251
南阳,112.5186542,33.00448882
南召,112.7467497,33.44588448
内乡,111.8723233,33.07415276
鲁山,112.9104528,33.75388446
沁阳,112.9567971,35.20550759
捏掌,112.8372977,35.19645526
汝阳,112.5619478,34.3132035
汝州,112.8342333,34.17543785
三门峡南,111.1669302,34.75435122
三门峡,111.2397544,34.76630414
三门峡西,111.0939138,34.69915736
民权,115.147305,34.65110256
商丘南,115.7111002,34.41438304
宁陵县,115.3242683,34.57924315
商丘,115.6633285,34.44980009
汤阴,114.3526894,35.9207695
唐河,112.8578438,32.67262052
桐柏,113.4428922,32.3956824
卫辉,114.0685019,35.43822164
西峡,111.5187957,33.27734852
新安县,112.1607899,34.72476748
新乡,113.8660398,35.31211022
新乡东,113.9850301,35.32073735
修武,113.4456341,35.2491831
许昌东,113.894581,34.05444788
许昌,113.8273272,34.0264831
长葛,113.7850403,34.22008154
延津,113.9850301,35.32073735
偃师,112.8009756,34.73423185
义马,111.9189233,34.7274672
长垣,114.6662709,35.21661642
文庄村,114.6662709,35.21661642
镇平,112.2308837,33.05957867
郑州,113.6661637,34.75253549
上街,113.2779369,34.8322081
郑州东,113.7855473,34.76545884
东明县,115.0990968,35.27430543
算王庄,115.3127818,35.25872737
南陈铺,112.914494,35.73251467
西阳村,112.8851226,35.87480745
赵庄,112.8652493,35.94908337
高平,112.9255636,35.8066916
西武匠,112.8829046,35.45602054
晋城北,112.9113954,35.51494147
晋城,112.8801411,35.48139214
北板桥,112.902453,35.65339699
东坡,112.9304932,35.38995053
孔庄,112.9712245,35.33600807
东元庆,112.9464302,35.57648635
嘉峰,112.5290283,35.59231439
襄垣,113.0421725,36.51208416
阳城,112.4989812,35.49865642
磨滩,112.6189135,35.34381965
大辛庄,113.1071756,36.24833992
长治,113.0776327,36.1942966
长治北,113.1315339,36.31436806
小宋,113.0284174,36.13675062
东田良,112.9374794,36.00196035
长子,112.8088591,36.11673537
